编号,依据,审查项,现有位置,当前判断,编辑动作,目标位置
F01,官方模板,封面及统一摘要页,Paper/main.tex,现有官方Word封面与单页摘要已保留,核对封面版式、标识与摘要起始页码,模板
F02,官方规范,页码、页眉和目录,Paper/main.tex; Paper/preamble.tex,已落实到正式源稿；随构建核对,取消页眉目录；摘要起阿拉伯数字连续页码,模板
F03,官方规范,字号与字体,Paper/preamble.tex,字号与宋/黑体样式已设置；Linux替代字体已说明,题目三号黑体、一级标题四号黑体、其余中文小四宋体、单倍行距,模板
F04,官方规范,参考文献引用顺序与工具来源,Paper/scripts/sync_chapters.py; Paper/chapters/references.tex,已落实到正式源稿；随构建核对,补问题一模型工具来源；按全论文首次引用排序,引用
G01,题目第四(一)1,各问输入、模型、求解、指标、主要结果,Paper/chapters/question1.tex; Paper/chapters/question2.tex; Paper/chapters/question3.tex,已落实到正式源稿；随构建核对,按三问顺序完整呈现并消除重复定义,共用部分
G02,题目第三说明,训练、验证、专项测试用途,Paper/data.tex; Paper/manuscript/question2.md; Paper/manuscript/question3.md,已落实到正式源稿；随构建核对,实际选择过程与数据划分一致；历史测试观察集中说明,实验协议
G03,题目第二注及补充说明,一致特征版本与输入接口,Paper/data.tex; Paper/manuscript/question2.md; Paper/manuscript/question3.md,已落实到正式源稿；随构建核对,各问训练验证专项推理版本一致；输入异常统计与掩码分别说明,数据组织
G04,题目第四及第五,工具名称、版本、关键参数、使用场景,Paper/manuscript/question1.md; Paper/manuscript/question2.md; Paper/manuscript/question3.md,已落实到正式源稿；随构建核对,统一参数表保留正文；长哈希及安装日志留复现材料,方法与求解
Q101,题目第四(一)2(1),特征与时序处理流程,Paper/manuscript/question1.md,已落实到正式源稿；随构建核对,最终方法统一说明；基础分支作对照,问题一模型
Q102,题目第四(一)2(2),文件格式组织与读取,Paper/manuscript/question1.md,已落实到正式源稿；随构建核对,说明输出字段、有效长度、填充、位置及读取方式,问题一输出
Q103,题目第四(一)2(2),全部100条结果表,Paper/manuscript/question1.md,已落实到正式源稿；随构建核对,100条唯一编号；时长、模态形状、对应粒度、有效性齐全；正文续表,问题一结果
Q104,题目第四(一)2(3),至少一个典型样本三模态对应,Paper/manuscript/question1.md,已落实到正式源稿；随构建核对,原文、语音秒数、原帧与特征位置对应；视觉同期与发音分开标示,问题一典型图
Q105,题目第四(一)2(4),工具参数完整流程及复现实验,Paper/manuscript/question1.md,已落实到正式源稿；随构建核对,核心流程和复现结果留正文；日志条目移工程记录,问题一复现
Q106,结果含义,候选覆盖与语义准确性,Paper/manuscript/question1.md,已落实到正式源稿；随构建核对,1468/1932是候选覆盖；独立逐词正确率和词界误差尚未测量,问题一评价
Q107,模型证据,发音竞争与词组对照,Paper/manuscript/question1.md,已落实到正式源稿；随构建核对,保留支持最终关系策略的对照；详细逐项评分留原材料,问题一实验
Q201,题目第四(一)3(1),结构、目标函数、训练关键参数,Paper/manuscript/question2.md,已落实到正式源稿；随构建核对,主模型按实际固定配方描述；已有方法引用完整,问题二模型
Q202,题目第三问题2及第四(一)3(2),缺失类型、位置、长度、比例与消融,Paper/manuscript/question2.md,已落实到正式源稿；随构建核对,明确实验自变量；合并图表并报告现有收益及无收益,问题二规律
Q203,题目第四(一)3(3),附件3全30条预测,Paper/manuscript/question2.md,已落实到正式源稿；随构建核对,实际部署种子42结果与三种子均值分开；列CSV字段,问题二专项结果
Q204,题目第四(一)3(4),验证集性能可视化及错误归因,Paper/manuscript/question2.md,已落实到正式源稿；随构建核对,四项基础指标及分类取舍；混淆矩阵、回归诊断就近解释,问题二实验
Q205,新增处理证据,未知占位与共同缺失的性能验证,Paper/manuscript/question2.md,区分最终retain策略与未知词屏蔽、共同缺失的模拟对照,保留12场景模拟结果及增强对照的训练条件；最终预测与模拟指标分开,问题二输入说明
Q206,复现事实,模型及标准化参数可用性,Paper/manuscript/question2.md,模型和标准化参数已核对SHA256；已有CPU重放30条类别全部一致,修正过时缺项说明；强度最大差2.1457672119140625e-06；本轮核对已有重放记录,工程复现
Q207,正文聚焦,开发轮次和训练保存故障,Paper/manuscript/question2.md,已落实到正式源稿；随构建核对,合并重复实验说明，保留支持方案选择的对照及其条件,压缩
Q301,题目第四(一)4(1),可解释模型结构目标与训练参数,Paper/manuscript/question3.md,已落实到正式源稿；随构建核对,上下文表示、交互、可靠性与输出分解完整,问题三模型
Q302,题目第四(一)4(2),典型样本解释卡,Paper/manuscript/question3.md,已落实到正式源稿；随构建核对,每卡含预测、三模态贡献、主要模态、关键位置；与结果文件相同,问题三典型卡
Q303,题目第四(一)4(3),局部重要性和模态差异可视化,Paper/manuscript/question3.md,已落实到正式源稿；随构建核对,分类贡献、回归贡献和可靠性不混用,问题三解释
Q304,题目第四(一)4(4),附件4全20条预测与解释,Paper/manuscript/question3.md,已落实到正式源稿；随构建核对,逐样本输出及关键证据范围/状态可查；原始媒体回看记录明确,问题三专项结果
Q305,题目第四(一)4(5),验证集基础性能和错误归因,Paper/manuscript/question3.md,已落实到正式源稿；随构建核对,验证集优先；测试集为描述性补充；主模型各指标取舍准确,问题三实验
Q306,解释含义,模型分解、上下文读出与因果含义,Paper/manuscript/question3.md,已落实到正式源稿；随构建核对,加性核对验证模型分解；原词位置包含上下文信息,问题三模型及评价
Q307,定位依据,全零视觉与媒体局部不对应,Paper/manuscript/question3.md,已落实到正式源稿；随构建核对,输入有效性和媒体支持分别记录；定位不足不补造时间,问题三预处理及定位
E01,官方AI规定,使用工具及输出来源的对应标注,references/official/ai-use-2026.docx,已记录Codex与Humanizer-zh用途；版本发布日期及此前完整工具记录待核实,记录用途、实际工具信息及使用位置；不虚构版本日期,来源说明
E02,整体表达,摘要、正文、结论的指标一致性,Paper/abstract.tex; Paper/conclusion.tex,已落实到正式源稿；随构建核对,验证/测试、单种子/均值、覆盖/准确率分别核对,摘要与结论
