file,begin,end,speaker,overall_log_likelihood,speech_log_likelihood,phone_duration_deviation,snr
w00017,0.0,3.95525,w00017,-51.15280243844697,-52.31301080612909,13.979923074839123,5.336679722347846
w00197,0.0,2.6888125,w00197,-52.32452006854089,-52.387662172317505,12.67860138660906,10.923180312894937
w00016,0.0,3.16,w00016,-50.905897695806964,-50.19131288074312,11.783015604046486,5.25487818895871
w00173,0.0,3.2501875,w00173,-46.16621694711539,-50.00946354866028,11.568234258425678,10.868063830174034
w00105,0.0,7.02,w00105,-46.861189013532766,-49.56382781384038,11.129423286181412,16.652430164515525
w00047,0.0,2.4963125,w00047,-51.938875,-51.67594424161044,11.032661628391311,6.719463775441298
w00116,0.0,7.44,w00116,-55.43865507392473,-57.18154384906475,10.326884845087946,2.4030644120715916
w00117,0.0,8.44,w00117,-56.24580216972749,-56.94772069594439,10.326884845087946,2.039882842261223
w00234,0.0,7.2,w00234,-49.06584201388889,-54.496628761291504,10.252082102040717,9.916589369675961
w00225,0.0,3.34,w00225,-48.67338662518713,-52.04397465632512,9.547025188196288,14.343184662492519
w00119,0.0,8.18,w00119,-48.87493314486552,-49.15290435584816,9.22858227431472,7.414740255423414
w00193,0.0,3.2591875,w00193,-52.669077118481596,-51.20363796458525,9.085499059409448,3.7862353008239715
w00003,0.0,7.6,w00003,-50.59842722039474,-53.21822575160435,8.82688716794427,5.8611552569643095
w00099,0.0,8.5376875,w00099,-50.44981337822014,-50.71861320886857,8.776623014844736,6.47445745888017
w00044,0.0,5.84,w00044,-50.03307269370719,-50.08222673524101,8.426681194682338,-1.6054860376802793
w00034,0.0,3.74,w00034,-41.80154631099599,-46.90256007512411,8.376088148727932,4.950176724005608
w00219,0.0,7.9105,w00219,-57.098688369152974,-55.81885224945691,8.121886487783536,-2.8604464749210265
w00065,0.0,5.074875,w00065,-46.68515008629191,-48.33233210725604,8.050190970542069,13.041122512864568
w00233,0.0,2.0,w00233,-51.6917236328125,-52.33482131958008,7.989177872106331,9.298181501929758
w00189,0.0,2.8561875,w00189,-50.34852354676573,-47.45413767496745,7.944898586835007,1.6065255491179808
w00007,0.0,5.4800625,w00007,-51.924733405565696,-54.578557447953656,7.874696057407298,-0.040840426386477446
w00229,0.0,3.76,w00229,-53.080306682180854,-55.96248984336853,7.817248277590974,11.206476787086821
w00006,0.0,4.48,w00006,-50.665701729910715,-51.6837521870931,7.680232687478368,6.99978749305296
w00192,0.0,2.48,w00192,-51.414365706905244,-51.00414455638212,7.617623127981737,12.463811459681502
w00030,0.0,7.8000625,w00030,-44.40126201923077,-46.02706368289777,7.529251693376565,4.648117794704866
w00031,0.0,8.8000625,w00031,-44.41140802556818,-45.8505576404173,7.529251693376565,4.2463424415022555
w00113,0.0,10.22,w00113,-48.51117600293542,-50.01389503479004,7.436356893549248,14.661852891368612
w00024,0.0,3.0,w00024,-53.12515950520833,-51.548004150390625,7.32760900854567,13.95305789989401
w00167,0.0,6.8385625,w00167,-47.41754614400585,-47.39023195154527,7.176261699764625,3.6186111246975
w00037,0.0,7.6645625,w00037,-42.24506109252611,-46.78313169292375,7.146569733734379,7.592053945960227
w00004,0.0,8.24,w00004,-45.88768583131068,-47.283208816770525,7.13949324604858,6.919562320316093
w00190,0.0,2.56,w00190,-43.810020446777344,-44.27189959012545,7.062959636115823,13.234028663324526
w00191,0.0,3.06,w00191,-43.66097643484477,-43.93508434295654,7.062959636115823,7.424737495488497
w00155,0.0,3.1,w00155,-46.861488785282255,-45.26824812455611,6.9586445079751496,2.409125431644078
w00224,0.0,2.34,w00224,-45.92216296073718,-53.39404326218825,6.953620356157172,7.7414234754502615
w00033,0.0,4.6200625,w00033,-43.36496381222944,-49.52661450703939,6.930969738225909,4.677862615384326
w00157,0.0,4.0305625,w00157,-45.32161135235732,-48.51967868804932,6.921600674328159,4.697452186588475
w00156,0.0,3.36,w00156,-44.099176316034224,-47.41737606650904,6.825287366863564,4.169077609019988
w00087,0.0,3.575875,w00087,-46.01253164280726,-47.38479162517347,6.818908518476541,3.8305146149232954
w00184,0.0,1.98,w00184,-46.52697877209596,-46.38654817853655,6.791537007650697,9.175873531086957
w00013,0.0,4.112375,w00013,-49.36857987378345,-48.826081805759,6.774177061972638,5.775635239814765
w00095,0.0,6.8038125,w00095,-45.81962603400736,-47.85570702185998,6.706456870852322,1.180070832987008
w00052,0.0,5.28,w00052,-56.56825949928977,-56.26573657989502,6.621573296794464,4.002846347234907
w00046,0.0,1.84,w00046,-50.90809697690217,-51.1551961031827,6.62157171926597,6.541375205745018
w00186,0.0,7.84,w00186,-48.23685626594388,-51.621437530517575,6.594543275278227,9.537617840367602
w00187,0.0,8.8400625,w00187,-48.78939833144796,-51.630641326904296,6.594543275278227,6.5047754392535655
w00062,0.0,10.02,w00062,-48.00515765344311,-48.06804791618796,6.420679049041998,4.959033126018687
w00039,0.0,8.030875,w00039,-51.19305047478207,-52.18116781446669,6.372497735074362,5.347449860127938
w00038,0.0,7.3,w00038,-50.68223994006849,-52.03956759417498,6.372497735074362,6.2272943068306486
w00005,0.0,8.74,w00005,-46.567282251144164,-47.471492646232484,6.323888647151524,5.114296957960221
w00165,0.0,2.3148125,w00165,-47.75269294507576,-49.233046531677246,6.183986885548294,-1.044980495286925
w00135,0.0,5.9,w00135,-41.96793233580509,-43.960138687720665,6.115976856871875,6.185876685957382
w00118,0.0,7.18,w00118,-49.88131637360724,-49.88772094726563,6.114600555917895,14.013227723283576
w00228,0.0,2.76,w00228,-52.35332809669384,-54.463819376627605,6.070177781424312,13.374510633896072
w00082,0.0,7.08,w00082,-46.57169182556497,-47.585853761242284,6.023301945501402,13.46332631098775
w00083,0.0,7.2420625,w00083,-46.13551558183702,-47.49381016146752,6.023301945501402,13.925457860897758
w00194,0.0,5.12,w00194,-45.150360107421875,-44.46661594935826,5.954534780214568,4.50882702491246
w00064,0.0,4.94,w00064,-46.4059416118421,-48.322371860720075,5.954534780214568,13.128645942944704
w00021,0.0,8.198,w00021,-50.099623666158536,-53.140234155169985,5.8953343676654955,2.35633024456574
w00163,0.0,8.397875,w00163,-42.41338355654762,-46.21207571929356,5.834123212861857,5.272279194784401
w00162,0.0,8.24,w00162,-42.33193169751213,-46.196147198946974,5.834123212861857,5.342896737803656
w00200,0.0,1.86,w00200,-54.257124705981184,-51.35206061915348,5.54641592620405,-1.1641075294627505
w00201,0.0,2.86,w00201,-54.52142974213287,-51.54369294015985,5.546414722476417,2.116929675153685
w00070,0.0,2.78,w00070,-46.36010215265288,-46.32788372039795,5.451786290300994,11.463937849317968
w00185,0.0,2.98,w00185,-45.60834272755873,-48.5467165629069,5.367547172811209,3.90708646108825
w00222,0.0,4.4200625,w00222,-49.23418057126697,-51.64197384227406,5.275583256154861,9.470816278441138
w00159,0.0,4.5,w00159,-46.030499131944445,-50.63629854642428,5.193787880843714,4.961445055946687
w00103,0.0,4.1501875,w00103,-47.50986445783133,-49.92494500201681,5.1672778373969,2.3799764724256534
w00054,0.0,2.86,w00054,-51.90596317744755,-50.798307691301616,5.0658258056187995,9.325321626934123
w00045,0.0,6.84,w00045,-50.10992895650585,-49.85267272085514,5.057022781911854,0.2729223618995924
w00081,0.0,7.3523125,w00081,-48.293819090136054,-48.91034551252399,4.9197570272987425,12.182795189184816
w00080,0.0,6.4600625,w00080,-48.73023897058823,-49.12562061178273,4.9197570272987425,6.3133382726606495
w00195,0.0,5.62,w00195,-46.31925253002669,-44.534080970578074,4.908029176305107,5.521733925484675
w00170,0.0,2.5,w00170,-48.319890625,-51.80352166982797,4.874908571912895,3.753442597372983
w00171,0.0,3.0,w00171,-47.02991536458333,-52.336183107816254,4.874908571912895,4.742407614963598
w00101,0.0,7.18,w00101,-42.90339919916435,-45.18365132531454,4.861579797548741,2.8778752700165775
w00100,0.0,6.68,w00100,-43.17634847492515,-45.21706567808639,4.861579797548741,2.9990255686624465
w00158,0.0,3.84,w00158,-46.02938334147135,-50.85871755159818,4.861089993368083,5.1232215940684505
w00231,0.0,3.22,w00231,-53.6823139072205,-55.89798251065341,4.857136071121532,9.762037122248932
w00235,0.0,8.2000625,w00235,-47.84255430640244,-53.90109896192364,4.856068355082738,10.699393136517713
w00079,0.0,3.882875,w00079,-50.93714259826031,-52.13355704716274,4.834463813809296,6.287047216408656
w00102,0.0,3.48,w00102,-48.253019486350574,-49.831821275793985,4.724834627041744,2.7994944698146718
w00071,0.0,3.432375,w00071,-49.45855161260933,-51.948226247514995,4.676488130648404,8.457995052809562
w00012,0.0,3.34,w00012,-49.652203405688624,-49.3058697382609,4.580014048200192,8.216358900246018
w00123,0.0,10.12,w00123,-44.007256669960476,-46.44990452057725,4.556379228805269,2.584339011206241
w00035,0.0,4.74,w00035,-42.818573641877634,-49.00522348155146,4.495213618939018,3.432112947403983
w00199,0.0,4.44,w00199,-55.004649669200454,-54.64727751413981,4.451532875657978,0.21503249950658976
w00181,0.0,4.478875,w00181,-51.50205775669643,-51.20404991736779,4.416471432822308,1.6397468557341526
w00169,0.0,3.18425,w00169,-51.3677556259827,-52.13583548863729,4.397158651422722,6.6562273461167365
w00077,0.0,5.58,w00077,-55.546419970878134,-54.126056150956586,4.312936269680372,1.5789181816760127
w00133,0.0,6.4744375,w00133,-41.97565687789799,-45.49883346557617,4.3007876688373745,9.509606609252533
w00096,0.0,21.76,w00096,-46.556435977711395,-47.53676283050695,4.252476474506574,6.388322302926317
w00097,0.0,22.0833125,w00097,-46.43982818161232,-47.543758942908845,4.252476474506574,7.811647585263756
w00115,0.0,6.378125,w00115,-48.51719239811912,-50.662953491210935,4.252475480180118,6.511459849522936
w00086,0.0,3.36,w00086,-46.51883079892113,-47.38666323611611,4.191210436962548,4.015337506226812
w00196,0.0,1.78,w00196,-49.46830560919944,-48.3598876953125,4.184822661277172,10.677069719287287
w00008,0.0,8.36,w00008,-44.14131653708134,-45.862181834685494,4.044430358389449,10.207252420442028
w00009,0.0,8.696125,w00009,-44.073325251436785,-45.828443771753555,4.044430358389449,8.635102931313796
w00002,0.0,6.6,w00002,-49.429566169507574,-50.36781909548003,4.037177820958421,5.51953300024757
w00036,0.0,6.84,w00036,-42.38315229806287,-46.74190977507946,4.006827390973678,7.9449334573480765
w00032,0.0,3.62,w00032,-44.145359439744475,-48.12376102648283,3.9876936073545544,5.0294735196666664
w00111,0.0,3.670375,w00111,-52.639273245912804,-55.34253442698512,3.9188342094575788,5.790963607426736
w00015,0.0,12.84,w00015,-45.746136341510905,-47.82547362906034,3.884678948592879,8.025686352258514
w00161,0.0,4.1400625,w00161,-46.31106582125604,-46.128267182244194,3.779851552421305,3.552162402125603
w00175,0.0,17.026375,w00175,-48.33562555049912,-51.832384456287734,3.6407609013925173,8.194802195626956
w00174,0.0,16.86,w00174,-48.44237933718861,-51.87088495725161,3.6407609013925173,8.04359283296324
w00059,0.0,3.3183125,w00059,-47.72094432417169,-49.55455889020647,3.622031005678824,10.78371042978144
w00049,0.0,7.4443125,w00049,-47.46124726982527,-47.46467787027359,3.597543655676308,5.899659083401774
w00048,0.0,7.22,w00048,-47.42340070983379,-47.54304504394531,3.597543655676308,5.986418953463607
w00166,0.0,6.56,w00166,-47.188303877667686,-47.360250495461855,3.490199023675341,3.5222892954667415
w00023,0.0,3.68,w00023,-53.359566066576086,-53.21392583847046,3.482932459575029,3.050994883860625
w00204,0.0,5.76,w00204,-46.178863525390625,-47.12582512507363,3.439409535502814,11.603738417339484
w00072,0.0,13.08,w00072,-47.171128392584095,-48.180888292266104,3.3877837046640042,6.7438598623556345
w00073,0.0,14.08,w00073,-46.6416182084517,-48.05849413367791,3.3877837046640042,6.6645506484046315
w00134,0.0,5.28,w00134,-42.90057558001894,-44.18924925877498,3.3799405804743086,9.228208626068032
w00098,0.0,8.04,w00098,-50.263317203047265,-50.084032726287845,3.3151095175480028,8.064546114212268
w00183,0.0,1.94,w00183,-47.844575547680414,-49.24474770682199,3.3013434044874526,2.0333428526485076
w00182,0.0,1.44,w00182,-46.90149943033854,-49.75631604875837,3.3013434044874526,1.5819806484638956
w00128,0.0,6.84,w00128,-41.420895582054094,-44.81962499947384,3.289904066766345,10.489584865534527
w00126,0.0,5.1,w00126,-44.9465762867647,-45.97768647330148,3.225550439960487,8.887273645547399
w00214,0.0,4.62,w00214,-54.988754734848484,-52.18676468178078,3.2174240899450415,0.36176099451387955
w00056,0.0,6.3,w00056,-48.62087983630953,-49.149776458740234,3.196460228335015,11.192690462184556
w00057,0.0,7.04,w00057,-49.76433771306818,-49.030465212735265,3.196460228335015,8.559728474939922
w00178,0.0,2.06,w00178,-52.43655188106796,-55.413307483379654,3.178028754604185,1.6034864577081507
w00011,0.0,7.328625,w00011,-52.69130499658936,-52.16435770834646,3.158582318644074,3.766008564183279
w00010,0.0,6.46,w00010,-51.203923181114554,-51.21674697629867,3.158582318644074,1.3147361450605715
w00094,0.0,5.92,w00094,-46.32248007284628,-47.657637317364035,3.154888844989668,1.4642865440612418
w00058,0.0,2.44,w00058,-47.33494092597336,-48.08730261666434,3.081988599050659,9.597144500644466
w00232,0.0,1.5,w00232,-51.423076171875,-55.833187103271484,3.02748283290756,15.647286178494621
w00206,0.0,3.14,w00206,-55.71995048765923,-55.44103707207574,2.9739811308201447,3.317596067701503
w00207,0.0,3.274,w00207,-55.92858252102447,-55.367125829060875,2.9739811308201447,2.6900687188255485
w00223,0.0,5.4200625,w00223,-49.49160732818266,-52.97987937927246,2.968273804544366,4.249225048378385
w00051,0.0,2.58,w00051,-49.33993837814923,-47.93410015106201,2.925763846751843,6.157485331362132
w00050,0.0,2.08,w00050,-46.57293701171875,-47.785618464152016,2.925763846751843,11.307302615963359
w00001,0.0,5.399125,w00001,-46.42457320601852,-48.3960195688101,2.9162564900726684,9.733889630364267
w00141,0.0,7.4496875,w00141,-46.370354446308724,-50.47957201871005,2.914408557596793,12.596364270428717
w00140,0.0,6.82,w00140,-46.40891335227273,-50.301381613991474,2.914408292853523,13.906197386525836
w00055,0.0,3.654375,w00055,-53.23272153253425,-52.972324703050695,2.9081270700039035,2.5605548053259852
w00168,0.0,2.54,w00168,-51.32328447957677,-50.79202842712402,2.8772850513534007,7.904585452317635
w00112,0.0,9.72,w00112,-48.24889483667695,-49.870751897493996,2.845020958840892,7.833149837102123
w00076,0.0,4.58,w00076,-51.33276473799127,-49.691562016805015,2.8450158684252362,2.9986836395260816
w00114,0.0,5.48,w00114,-49.82496008211679,-50.17780754089355,2.824682231272457,5.665464804367071
w00089,0.0,10.2675,w00089,-46.67337740384615,-46.627800617021386,2.7866111162944405,4.315384072257723
w00088,0.0,10.04,w00088,-46.38960953062749,-46.540835862307205,2.7866111162944405,4.349358930414924
w00198,0.0,3.78,w00198,-54.02652219742063,-51.32293309105767,2.756060829689972,0.9508331740210458
w00138,0.0,4.6,w00138,-45.116151494565216,-46.40247615178426,2.701350057070972,11.131874854711908
w00139,0.0,4.936125,w00139,-44.19182534159919,-46.247754017512,2.701350057070972,11.158939944359021
w00145,0.0,6.080375,w00145,-48.67557887027138,-49.41339243375338,2.651591412345454,9.01088223096314
w00150,0.0,3.06,w00150,-54.18644046160131,-53.969546203613284,2.6171075952795273,9.18275162550651
w00154,0.0,2.1,w00154,-46.30571056547619,-45.16218220103871,2.589486252480169,5.810532920130358
w00205,0.0,5.9755625,w00205,-45.718818588001675,-47.31776404002356,2.5842731038732425,11.832276727074952
w00146,0.0,6.06,w00146,-44.92181376340759,-46.337926824042135,2.5734620130051504,12.295170011458922
w00147,0.0,6.3855,w00147,-44.411250489045386,-46.15478182853536,2.5734620130051504,12.653058360152116
w00066,0.0,5.24,w00066,-47.18629979723283,-49.02706697824839,2.5663782466724383,13.297234850004255
w00067,0.0,5.3918125,w00067,-47.78197472170687,-49.03436377241805,2.5663782466724383,3.7300540938897626
w00014,0.0,12.34,w00014,-45.92199528970826,-47.91382595750152,2.5171330216244754,8.159187474416008
w00230,0.0,2.22,w00230,-55.71481735641892,-57.14434782663981,2.4751478080927978,4.4246850794530985
w00144,0.0,5.42,w00144,-47.854052554197416,-49.58479042772977,2.4700914836183894,12.517978803329054
w00084,0.0,4.3,w00084,-48.55957485465116,-48.42135000228882,2.4666431610618953,9.896392235018956
w00063,0.0,10.4113125,w00063,-47.61590793107589,-47.85554227641985,2.380843551472015,6.149182891807564
w00152,0.0,1.72,w00152,-42.10044683412064,-44.221091985702515,2.3390064538886666,4.702297035813359
w00153,0.0,2.22,w00153,-45.3736451295045,-44.54024004936218,2.3390064538886666,0.7322931379031399
w00202,0.0,8.82,w00202,-48.5194781037415,-48.835884465111626,2.3390039534124245,4.293991808799774
w00203,0.0,9.0370625,w00203,-48.637634817477874,-48.8758283191257,2.3390039534124245,3.645069130974081
w00132,0.0,6.12,w00132,-42.47643484477124,-45.55296173095703,2.2992803969584994,9.780540307773974
w00136,0.0,5.58,w00136,-45.656165994623656,-46.69757648936489,2.2295502201397945,7.558678694456271
w00018,0.0,5.76,w00018,-45.64935302734375,-45.74732043696385,2.1839206317727804,1.3824001705319588
w00019,0.0,6.26,w00019,-46.484477960263575,-45.74769091138653,2.1839206317727804,0.9897028701985988
w00078,0.0,3.24,w00078,-48.558774594907405,-46.136902279324005,2.183199314592345,2.3666559175428734
w00042,0.0,3.08,w00042,-50.28508966619318,-49.58301601409912,2.183197768336568,6.369093816380335
w00043,0.0,3.256,w00043,-49.86842767446319,-49.67689456939697,2.183197768336568,6.67906695226811
w00215,0.0,5.319875,w00215,-56.21688131461466,-52.206962444164134,2.12925400430509,-1.5912302009876234
w00027,0.0,2.6648125,w00027,-51.0534686325188,-50.62951387677874,2.121920616520463,9.468481075199096
w00026,0.0,2.6648125,w00026,-51.0534686325188,-50.62951387677874,2.121920616520463,9.468481075199096
w00104,0.0,6.52,w00104,-46.03080066142638,-49.457439123415476,2.1132294368322873,9.216685912366282
w00227,0.0,3.3,w00227,-51.195679450757574,-51.06995792388916,2.109446352296611,2.6109634118093012
w00226,0.0,2.3,w00226,-49.26669497282609,-50.42900333404541,2.109446352296611,7.238520679964164
w00053,0.0,6.28,w00053,-56.90746914808917,-55.08373955317906,2.0576883502456895,3.504229983175181
w00120,0.0,12.24,w00120,-48.024477890114376,-50.05538243458683,2.042374953592198,13.07817445657981
w00121,0.0,12.6284375,w00121,-47.54458320961995,-49.93095836782814,2.042374953592198,13.575466632659356
w00216,0.0,6.58,w00216,-55.71067629179331,-54.39983771568121,2.0355160071947913,2.1756390990088352
w00217,0.0,6.7414375,w00217,-56.01969352744807,-54.46896726031636,2.0355160071947913,1.3724983068340553
w00025,0.0,3.997,w00025,-54.7565234375,-53.676127558169156,2.034631813243646,0.9517386758870892
w00137,0.0,6.08,w00137,-44.479887309827305,-46.386040470056365,1.981798179536369,8.561445059847312
w00069,0.0,2.94,w00069,-48.215205808886054,-49.72553097118031,1.9688682283963381,9.95162982401768
w00068,0.0,2.44,w00068,-47.65447697873975,-49.77815097311269,1.9688682283963381,9.637688630926025
w00151,0.0,3.8146875,w00151,-55.47866428805774,-54.65155395507813,1.9228705227729568,3.5458747320136634
w00108,0.0,6.88,w00108,-49.94583484738372,-51.212950838529146,1.9195040551977554,6.137866419777234
w00109,0.0,7.88,w00109,-56.56118634993655,-57.344503570021246,1.9194940532927862,-0.48804370435077615
w00020,0.0,7.46,w00020,-46.765457439678286,-48.53482950144801,1.8721484339507353,3.2143857383125685
w00164,0.0,2.22,w00164,-46.933826893299546,-49.24146219889323,1.8635507537322187,0.699506875727895
w00218,0.0,7.28,w00218,-56.486430073832416,-55.54010013618855,1.8366590435309178,-3.73487027338947
w00000,0.0,5.1400625,w00000,-46.84356000729572,-48.355943753169136,1.8280736630611785,9.760548601068862
w00127,0.0,5.483,w00127,-44.014131643476276,-45.834566250182036,1.8098484043845742,9.702768612904896
w00211,0.0,6.5226875,w00211,-56.45515601035276,-54.87061301045034,1.8044120347455506,0.8689246257658052
w00210,0.0,6.22,w00210,-56.099132084003216,-54.7953205766349,1.8044120347455506,4.4588258776150465
w00188,0.0,1.98,w00188,-50.292850378787875,-48.667055915383735,1.7693733910821736,0.7442883511065137
w00180,0.0,3.88,w00180,-51.49468427835052,-52.10865769019494,1.709113739764277,2.3599932414040374
w00130,0.0,8.1,w00130,-43.6193287037037,-46.435607960349635,1.7080770487027914,9.086101041656732
w00131,0.0,8.2656875,w00131,-43.30373809703749,-46.394666621559544,1.7080770487027914,9.22532767598996
w00129,0.0,7.09525,w00129,-41.071349581866194,-44.71101359317177,1.6965126339158112,10.731564100813037
w00091,0.0,4.038375,w00091,-47.80271503712871,-49.296476227896555,1.645009092413091,3.427732097305185
w00090,0.0,3.88,w00090,-47.62455702319588,-49.57089982209382,1.645009092413091,3.857594574041414
w00061,0.0,5.2555,w00061,-47.50773081036122,-47.08760322408473,1.6376589376713655,2.264050468152176
w00060,0.0,4.9000625,w00060,-47.119543207908166,-47.182258768284576,1.6376573602413789,3.158148748286692
w00075,0.0,4.230875,w00075,-48.953983820921984,-48.630841296652086,1.6014853566076912,3.085950857296254
w00074,0.0,4.0,w00074,-49.115478515625,-48.72176560111668,1.6014853566076912,2.3479565777860625
w00122,0.0,9.34,w00122,-44.43708595422912,-45.3603212568495,1.577036788901216,3.176656134391573
w00093,0.0,2.84,w00093,-44.753830600792256,-46.16941330649636,1.5691775829869332,4.941438500614353
w00092,0.0,2.34,w00092,-45.71059945913461,-46.37650281732733,1.50718242530411,5.128105406344403
w00176,0.0,5.36,w00176,-47.30857553055037,-47.71296483820135,1.4985126467361918,6.786014809659662
w00177,0.0,5.86,w00177,-48.65286036156143,-47.81821628917347,1.4985126467361918,2.15782777309205
w00143,0.0,10.1,w00143,-47.910697710396036,-50.07637148405376,1.4486586244831157,8.998845627088691
w00142,0.0,9.6,w00142,-47.29994303385417,-50.072402271471525,1.4486586244831157,13.25762923469387
w00041,0.0,5.5440625,w00041,-48.91700276398917,-49.79116298534252,1.3625687652504934,6.8662992272167855
w00040,0.0,5.1,w00040,-49.06482843137255,-49.961846033732094,1.3625687652504934,6.732978510025017
w00172,0.0,2.3,w00172,-46.29588569972826,-46.70261859893799,1.350467286622582,3.2468054082612756
w00107,0.0,3.66,w00107,-56.437782829576506,-50.145554542541504,1.32363433530312,-0.8377991109639247
w00106,0.0,2.66,w00106,-56.61559416118421,-57.98565316200256,1.3236341600813222,-1.2277150301054203
w00022,0.0,2.68,w00022,-52.17871822527985,-52.87734842300415,1.3203721466525937,3.4390677482588767
w00148,0.0,2.08,w00148,-54.94036395733173,-52.79037134270919,1.21162290488893,0.851982507580276
w00149,0.0,2.58,w00149,-54.479159096414726,-52.86176239816766,1.21162290488893,1.3579854298183918
w00160,0.0,3.64,w00160,-46.64691363324176,-46.09319231245253,1.1506890492953679,3.480745222240353
w00221,0.0,6.0435,w00221,-56.26865169701987,-53.8946391582489,1.0884549674768662,-0.3772581419679728
w00220,0.0,5.88,w00220,-55.98295333758504,-53.89735655784607,1.0884549674768662,-0.05070625187376088
w00179,0.0,2.643625,w00179,-53.70261082504735,-53.05264164851262,1.065051122495366,1.6737702221591793
w00124,0.0,3.82,w00124,-41.51262117555628,-45.6156202952067,1.0072390223988772,10.623855790696714
w00029,0.0,4.917,w00029,-51.05737503175813,-52.94634475708008,0.9395231249343665,6.0709718069357965
w00028,0.0,4.74,w00028,-50.67239830564346,-52.88656845092773,0.9395231249343665,8.407428784577018
w00085,0.0,4.6819375,w00085,-48.522940872061966,-48.27634851137797,0.9214442168615343,8.16478445592797
w00208,0.0,5.66,w00208,-56.06714471068904,-54.254819817013214,0.9160522640196549,2.0958206752443083
w00209,0.0,6.16,w00209,-56.66414493709416,-54.241118060217964,0.9160522640196549,2.6706427030595403
w00125,0.0,4.023875,w00125,-40.969031794154226,-45.693448556436074,0.9160474491091241,10.577205976431188
w00213,0.0,2.58,w00213,-58.19377195373062,-54.76285266876221,0.9056786776384126,1.483443882901951
w00212,0.0,2.08,w00212,-57.296142578125,-55.001991271972656,0.9056786776384126,1.6390412073347553
w00110,0.0,2.7,w00110,-48.48997395833333,-49.42161389054923,0.8415400766836786,5.216592657910908
