sample_id,scenario,class_id,sentiment,intensity,prob_negative,prob_neutral,prob_positive
附件3_01.pkl::row000,clean,0,Negative,-0.7401787638664246,0.8852086663246155,0.08754600584506989,0.02724531479179859
附件3_02.pkl::row000,clean,1,Neutral,0.043162018060684204,0.10171112418174744,0.8140382766723633,0.08425059169530869
附件3_03.pkl::row000,clean,1,Neutral,0.3154892921447754,0.04140012711286545,0.6737805008888245,0.2848193943500519
附件3_04.pkl::row000,clean,2,Positive,0.4635079801082611,0.032194919884204865,0.44279375672340393,0.5250113606452942
附件3_05.pkl::row000,clean,0,Negative,-1.2857892513275146,0.9374560713768005,0.049642596393823624,0.012901433743536472
附件3_06.pkl::row000,clean,2,Positive,0.7480615377426147,0.013795004226267338,0.2244771122932434,0.7617279291152954
附件3_07.pkl::row000,clean,2,Positive,0.35212618112564087,0.08882489800453186,0.44391047954559326,0.46726465225219727
附件3_08.pkl::row000,clean,1,Neutral,0.10781820863485336,0.14995139837265015,0.5761787295341492,0.2738698720932007
附件3_09.pkl::row000,clean,2,Positive,1.3437085151672363,0.007345068268477917,0.05031247437000275,0.9423424601554871
附件3_10.pkl::row000,clean,1,Neutral,-0.0756724625825882,0.06793271750211716,0.8781591057777405,0.05390818789601326
附件3_11.pkl::row000,clean,2,Positive,0.4526112675666809,0.04065752401947975,0.4551258981227875,0.5042166113853455
附件3_12.pkl::row000,clean,2,Positive,0.5466963648796082,0.1022365540266037,0.3640314042568207,0.533731997013092
附件3_13.pkl::row000,clean,2,Positive,0.3173135221004486,0.04062730446457863,0.43082740902900696,0.5285453200340271
附件3_14.pkl::row000,clean,0,Negative,-0.7927783727645874,0.9171938300132751,0.06299803406000137,0.01980808936059475
附件3_15.pkl::row000,clean,2,Positive,0.5340447425842285,0.015675926581025124,0.24255825579166412,0.7417657971382141
附件3_16.pkl::row000,clean,2,Positive,1.5087844133377075,0.014033268205821514,0.0412101112306118,0.9447565674781799
附件3_17.pkl::row000,clean,1,Neutral,0.1920185685157776,0.0948166623711586,0.6818333268165588,0.22335003316402435
附件3_18.pkl::row000,clean,2,Positive,0.47546669840812683,0.022468388080596924,0.43724676966667175,0.5402848720550537
附件3_19.pkl::row000,clean,1,Neutral,-0.11319293081760406,0.42220309376716614,0.4774991571903229,0.10029767453670502
附件3_20.pkl::row000,clean,1,Neutral,0.17018184065818787,0.08196038752794266,0.7381553053855896,0.17988428473472595
附件3_21.pkl::row000,clean,2,Positive,0.4119294285774231,0.04518536478281021,0.3643384575843811,0.5904761552810669
附件3_22.pkl::row000,clean,2,Positive,0.5062175989151001,0.08089225739240646,0.3315223455429077,0.5875853896141052
附件3_23.pkl::row000,clean,1,Neutral,0.43180838227272034,0.02660040184855461,0.4883497357368469,0.48504990339279175
附件3_24.pkl::row000,clean,1,Neutral,0.01653270795941353,0.2458837777376175,0.3973284065723419,0.3567878305912018
附件3_25.pkl::row000,clean,1,Neutral,0.30225926637649536,0.02988041192293167,0.7077314853668213,0.26238808035850525
附件3_26.pkl::row000,clean,2,Positive,0.6231364011764526,0.036432355642318726,0.25508278608322144,0.7084848284721375
附件3_27.pkl::row000,clean,2,Positive,0.4429752826690674,0.04237233102321625,0.3443736135959625,0.6132540106773376
附件3_28.pkl::row000,clean,2,Positive,0.6391801834106445,0.021805904805660248,0.4242474436759949,0.5539466738700867
附件3_29.pkl::row000,clean,2,Positive,0.6798785924911499,0.03112601861357689,0.32988423109054565,0.6389898061752319
附件3_30.pkl::row000,clean,1,Neutral,0.48449933528900146,0.023161405697464943,0.6778771281242371,0.29896146059036255
