sample_id,words,baseline_candidates,word_candidates,added_words,conflicting_baseline_words,phrase_candidates,phrase_only_words,unique_exact_asr_words,supported_runs
-3g5yACwYnA$_$13,15,11,14,3,0,1,1,15,1
-3g5yACwYnA$_$2,14,12,12,0,0,0,0,14,1
-3g5yACwYnA$_$3,29,21,21,0,0,2,6,29,2
-3g5yACwYnA$_$9,23,17,19,2,0,2,3,23,1
-3nNcZdcdvU$_$5,18,16,16,0,0,0,0,17,1
-571d8cVauQ$_$0,12,6,7,1,0,0,0,11,1
-571d8cVauQ$_$5,43,41,41,0,0,1,1,42,2
-6rXp3zJ3kc$_$8,34,29,30,1,0,1,1,33,2
-9y-fZ3swSY$_$0,22,11,11,0,0,1,1,14,2
-9y-fZ3swSY$_$4,9,0,4,4,0,1,3,9,1
-9y-fZ3swSY$_$8,12,12,12,0,0,0,0,12,1
-AUZQgSxyPQ$_$2,41,14,15,2,1,2,3,37,4
-HeZS2-Prhc$_$2,16,11,11,0,0,1,2,16,1
-HwX2H8Z4hY$_$2,7,0,0,0,0,0,0,4,0
-HwX2H8Z4hY$_$5,9,7,7,0,0,0,0,9,1
-HwX2H8Z4hY$_$6,7,0,5,5,0,1,1,7,1
-HwX2H8Z4hY$_$9,22,0,6,6,0,1,2,21,2
-I_e4mIh0yE$_$1,18,18,18,0,0,0,0,18,1
-I_e4mIh0yE$_$3,22,17,17,0,0,0,0,19,3
-MeTTeMJBNc$_$0,21,19,20,1,0,0,0,20,2
-MeTTeMJBNc$_$13,14,12,12,0,0,0,0,13,1
-MeTTeMJBNc$_$7,31,29,31,2,0,0,0,31,1
-NFrJFQijFE$_$1,16,0,0,0,0,0,0,0,0
-NFrJFQijFE$_$2,18,0,0,0,0,0,0,0,0
-RfYyzHpjk4$_$11,17,12,13,1,0,2,3,17,1
-RfYyzHpjk4$_$2,25,18,22,4,0,3,3,25,1
-RfYyzHpjk4$_$8,17,16,16,0,0,0,0,16,2
-THoVjtIkeU$_$12,39,37,35,0,2,0,0,37,1
-THoVjtIkeU$_$2,10,10,10,0,0,0,0,10,1
-THoVjtIkeU$_$6,30,27,27,0,0,0,0,27,2
-UUCSKoHeMA$_$0,18,16,16,0,0,1,2,18,1
-UacrmKiTn4$_$10,18,18,18,0,0,0,0,18,1
-UacrmKiTn4$_$4,14,13,13,0,0,0,0,14,1
-UuX1xuaiiE$_$0,9,7,8,1,0,1,1,9,1
-UuX1xuaiiE$_$1,27,25,24,0,1,2,2,27,1
-UuX1xuaiiE$_$3,9,7,7,0,0,1,1,9,1
-UuX1xuaiiE$_$6,22,15,17,2,0,2,2,21,2
-a55Q6RWvTA$_$3,65,60,61,2,1,2,2,65,1
-aNfi7CP8vM$_$7,18,15,12,0,3,1,2,18,1
-aqamKhZ1Ec$_$0,14,0,6,6,0,2,5,14,2
-dxfTGcXJoc$_$0,40,30,30,0,0,1,1,36,4
-dxfTGcXJoc$_$1,37,32,32,0,0,2,4,35,2
-dxfTGcXJoc$_$2,34,32,32,0,0,0,0,31,2
-dxfTGcXJoc$_$6,28,25,26,1,0,1,1,28,1
-egA8-b7-3M$_$1,20,15,15,0,0,2,4,19,1
-egA8-b7-3M$_$13,11,11,11,0,0,0,0,11,1
-egA8-b7-3M$_$16,11,11,11,0,0,0,0,11,1
-egA8-b7-3M$_$17,16,15,15,0,0,1,1,16,1
-egA8-b7-3M$_$18,22,21,21,0,0,1,1,22,1
-egA8-b7-3M$_$20,20,20,20,0,0,0,0,20,1
-egA8-b7-3M$_$26,15,13,14,1,0,0,0,14,1
-egA8-b7-3M$_$6,12,10,11,1,0,0,0,12,1
-egA8-b7-3M$_$9,10,10,10,0,0,0,0,10,1
-hnBHBN8p5A$_$6,13,0,0,0,0,0,0,2,0
-hnBHBN8p5A$_$7,13,0,0,0,0,0,0,0,0
-iRBcNs9oI8$_$3,8,0,0,0,0,0,0,1,0
-iRBcNs9oI8$_$6,5,0,0,0,0,0,0,0,0
-iRBcNs9oI8$_$7,9,0,0,0,0,0,0,0,0
-iRBcNs9oI8$_$8,21,0,0,0,0,0,0,1,0
-iRBcNs9oI8$_$9,5,0,0,0,0,0,0,1,0
-lzEya4AM_4$_$5,19,16,16,0,0,1,1,18,1
-lzEya4AM_4$_$6,43,38,39,1,0,2,2,41,2
-mJ2ud6oKI8$_$1,13,0,0,0,0,0,0,0,0
-mJ2ud6oKI8$_$2,11,0,0,0,0,0,0,0,0
-mJ2ud6oKI8$_$6,5,0,0,0,0,0,0,1,0
-mJ2ud6oKI8$_$8,11,0,0,0,0,0,0,2,0
-mJ2ud6oKI8$_$9,22,0,0,0,0,0,0,0,0
-mqbVkbCndg$_$0,14,14,14,0,0,0,0,14,1
-qDkUB0GgYY$_$6,16,9,9,0,0,0,0,16,2
-ri04Z7vwnc$_$0,8,0,0,0,0,0,0,0,0
-ri04Z7vwnc$_$2,16,0,0,0,0,0,0,0,0
-ri04Z7vwnc$_$5,8,0,0,0,0,0,0,1,0
-s9qJ7ATP7w$_$0,24,16,18,2,0,0,0,18,3
-s9qJ7ATP7w$_$1,11,10,10,0,0,0,0,10,1
-s9qJ7ATP7w$_$4,9,7,8,1,0,0,0,9,1
-s9qJ7ATP7w$_$5,19,19,18,0,1,0,0,19,1
-s9qJ7ATP7w$_$6,5,5,5,0,0,0,0,5,1
-s9qJ7ATP7w$_$7,28,19,26,7,0,2,2,28,1
-s9qJ7ATP7w$_$8,12,9,9,0,0,0,0,11,1
-t217m2on-s$_$2,12,11,11,0,0,0,0,10,2
-t217m2on-s$_$7,45,43,43,0,0,1,1,45,1
-tANM6ETl_M$_$3,22,20,20,0,0,1,1,21,2
-tPCytz4rww$_$10,12,10,10,0,0,0,0,11,1
-tPCytz4rww$_$11,17,15,15,0,0,0,0,13,2
-tPCytz4rww$_$12,26,20,20,0,0,0,0,22,2
-tPCytz4rww$_$16,16,13,13,0,0,0,0,14,2
-tPCytz4rww$_$18,16,16,16,0,0,0,0,16,2
-uywlfIYOS8$_$4,18,16,16,0,0,0,0,17,2
-vxjVxOeScU$_$4,21,17,18,1,0,2,3,21,1
-wMB_hJL-3o$_$7,22,22,22,0,0,0,0,22,1
-wny0OAz3g8$_$0,9,9,9,0,0,0,0,9,1
-wny0OAz3g8$_$1,22,22,22,0,0,0,0,22,1
-wny0OAz3g8$_$2,23,23,23,0,0,0,0,23,1
-wny0OAz3g8$_$3,20,19,19,0,0,0,0,19,2
-wny0OAz3g8$_$5,20,18,19,1,0,1,1,20,1
-wny0OAz3g8$_$7,29,25,25,0,0,1,1,28,1
-wny0OAz3g8$_$9,20,17,20,3,0,0,0,20,1
-yRb-Jum7EQ$_$1,49,0,1,1,0,0,0,21,3
-yRb-Jum7EQ$_$5,25,0,1,1,0,0,0,12,2
-yRb-Jum7EQ$_$6,19,0,0,0,0,0,0,16,2
