id,predicted_polarity,predicted_label,predicted_intensity,raw_intensity,classification_principal_modality,regression_principal_modality,classification_margin,classification_bias,classification_accounting_error,raw_text,classification_modal_scores_T,classification_modality_shares_T,regression_modal_scores_T,regression_modality_shares_T,precision_weight_T,available_T,key_evidence_T,classification_modal_scores_A,classification_modality_shares_A,regression_modal_scores_A,regression_modality_shares_A,precision_weight_A,available_A,key_evidence_A,classification_modal_scores_V,classification_modality_shares_V,regression_modal_scores_V,regression_modality_shares_V,precision_weight_V,available_V,key_evidence_V,media_content_status,media_content_note,visual_availability_note,time_note
01,1,中性,0.0,0.15103042125701904,T,T,1.2660560369491578,-0.4536903403699398,9.313225746154785e-08,Replacing these wear components when replacing the timing belt is essential to ensuring the new belt performs to its mileage requirements,1.7857853174209595,0.964338481426239,0.03073631227016449,0.48272955417633057,0.45382046699523926,True,"位置[7]，the，字符[[47, 50]]，分数+0.1881；词级候选 2.61—2.66s；同步画面2.633s；
位置[4]，components，字符[[21, 31]]，分数+0.1817；短语级回看 1.43—2.12s；同步画面1.767s；
位置[5]，when，字符[[32, 36]]，分数+0.1637；短语级回看 1.43—2.12s；同步画面1.767s",-0.06486020982265472,0.035025037825107574,0.018796633929014206,0.2952107787132263,0.2688509225845337,True,"位置[1]，Replacing，字符[[0, 9]]，分数-0.0186；语音定位支持不足（局部声学边界支持不足）；
位置[2]，these，字符[[10, 15]]，分数-0.0185；词级候选 0.98—1.17s；同步画面1.067s；
位置[5]，when，字符[[32, 36]]，分数-0.0077；短语级回看 1.43—2.12s；同步画面1.767s",-0.0011786026880145073,0.0006364549626596272,-0.014138961210846901,0.22205963730812073,0.27732861042022705,True,"位置[21]，age，字符[[121, 124]]，分数-0.0083；语音定位支持不足（局部声学边界支持不足）；
位置[20]，mile，字符[[117, 121]]，分数-0.0083；语音定位支持不足（局部声学边界支持不足）；
位置[22]，requirements，字符[[125, 137]]，分数-0.0079；语音定位支持不足（局部声学边界支持不足）",no_low_support_flag,未触发双模型低内容支持提示；候选时间按关键项分别标注,对齐版非零视觉行22；未对齐版非零视觉行135（分别按各自序列统计）,词级候选或短语回看范围；同步画面采用实际帧时间；贡献归属采用原特征索引
02,2,正向,9.999999974752427e-07,-0.03470904380083084,T,V,0.7204479813575745,0.4536903403699398,1.5273690223693848e-07,We want to live by each other’s happiness - not by each other’s misery.,0.40642672777175903,0.7442404627799988,0.01999061554670334,0.30041420459747314,0.40836453437805176,True,"位置[17]，s，字符[[62, 63]]，分数-0.1465；词级候选 2.20—2.43s；同步画面2.300s；
位置[18]，misery，字符[[64, 70]]，分数-0.1352；语音定位支持不足（局部声学边界支持不足）；
位置[4]，live，字符[[11, 15]]，分数+0.1288；词级候选 0.78—0.94s；同步画面0.867s",-0.12457632273435593,0.22812166810035706,-0.014532548375427723,0.21839167177677155,0.2942790985107422,True,"位置[18]，misery，字符[[64, 70]]，分数-0.0120；语音定位支持不足（局部声学边界支持不足）；
位置[19]，.，字符[[70, 71]]，分数-0.0119；标点或符号，无独立发音区间；
位置[4]，live，字符[[11, 15]]，分数-0.0118；词级候选 0.78—0.94s；同步画面0.867s",-0.015092898160219193,0.027637813240289688,-0.03202034905552864,0.4811941683292389,0.29735639691352844,True,"位置[16]，’，字符[[61, 62]]，分数-0.0014；词级候选 2.20—2.43s；同步画面2.300s；
位置[15]，other，字符[[56, 61]]，分数-0.0014；词级候选 2.20—2.43s；同步画面2.300s；
位置[17]，s，字符[[62, 63]]，分数-0.0014；词级候选 2.20—2.43s；同步画面2.300s",no_low_support_flag,未触发双模型低内容支持提示；候选时间按关键项分别标注,对齐版非零视觉行19；未对齐版非零视觉行50（分别按各自序列统计）,词级候选或短语回看范围；同步画面采用实际帧时间；贡献归属采用原特征索引
03,0,负向,-0.6587620377540588,-0.6587620377540588,T,T,4.296944046020508,0.39831538647413256,5.215406373437759e-08,"There's one lender at the moment which I think is just Bankwest who don't take rental income into account, they take rental yield into account.",3.9605047702789307,0.9846170544624329,-0.2799893021583557,0.8701697587966919,0.4376564025878906,True,"位置[14]，just，字符[[50, 54]]，分数+0.1889；词级候选 2.69—2.90s；同步画面2.800s；
位置[12]，think，字符[[41, 46]]，分数+0.1807；词级候选 2.36—2.58s；同步画面2.467s；
位置[10]，which，字符[[33, 38]]，分数+0.1736；词级候选 2.14—2.31s；同步画面2.233s",-0.016382604837417603,0.0040728626772761345,0.03181320056319237,0.09887122362852097,0.27611738443374634,True,"位置[9]，moment，字符[[26, 32]]，分数-0.0080；词级候选 1.71—2.14s；同步画面1.933s；
位置[10]，which，字符[[33, 38]]，分数-0.0018；词级候选 2.14—2.31s；同步画面2.233s；
位置[22]，rental，字符[[79, 85]]，分数-0.0017；语音定位支持不足（局部声学边界支持不足）",-0.04549333080649376,0.011310050264000893,0.009961496107280254,0.03095901384949684,0.28622621297836304,True,"位置[13]，is，字符[[47, 49]]，分数-0.0035；词级候选 2.58—2.69s；同步画面2.633s；
位置[14]，just，字符[[50, 54]]，分数-0.0030；词级候选 2.69—2.90s；同步画面2.800s；
位置[22]，rental，字符[[79, 85]]，分数-0.0030；语音定位支持不足（局部声学边界支持不足）",no_low_support_flag,未触发双模型低内容支持提示；候选时间按关键项分别标注,对齐版非零视觉行33；未对齐版非零视觉行144（分别按各自序列统计）,词级候选或短语回看范围；同步画面采用实际帧时间；贡献归属采用原特征索引
04,0,负向,-0.4144037365913391,-0.4144037365913391,T,T,4.149875068664551,0.39831538647413256,4.246830944687474e-07,"If I blow it at the team exercise, should I kiss my chances of cheering ""GO BLUE"" goodbye?] Absolutely not.",3.7018401622772217,0.9867470860481262,-0.3236232399940491,0.6561290621757507,0.5481701493263245,True,"位置[24]，Absolutely，字符[[92, 102]]，分数+0.2844；语音定位支持不足（局部声学边界支持不足）；
位置[11]，I，字符[[42, 43]]，分数+0.2555；词级候选 2.33—2.40s；同步画面2.367s；
位置[10]，should，字符[[35, 41]]，分数+0.2545；短语级回看 1.47—2.33s；同步画面1.900s",0.011639997363090515,0.003102709073573351,0.06974872201681137,0.14141185581684113,0.2572636306285858,True,"位置[16]，cheering，字符[[63, 71]]，分数-0.0052；短语级回看 3.38—3.92s；同步画面3.667s；
位置[15]，of，字符[[60, 62]]，分数-0.0048；词级候选 3.28—3.38s；同步画面3.333s；
位置[6]，the，字符[[16, 19]]，分数+0.0043；词级候选 1.15—1.21s；同步画面1.167s",0.038079023361206055,0.010150185786187649,0.0998590886592865,0.20245903730392456,0.1945662647485733,True,"位置[15]，of，字符[[60, 62]]，分数+0.0040；词级候选 3.28—3.38s；同步画面3.333s；
位置[10]，should，字符[[35, 41]]，分数+0.0039；短语级回看 1.47—2.33s；同步画面1.900s；
位置[16]，cheering，字符[[63, 71]]，分数+0.0037；短语级回看 3.38—3.92s；同步画面3.667s",no_low_support_flag,未触发双模型低内容支持提示；候选时间按关键项分别标注,对齐版非零视觉行26；未对齐版非零视觉行103（分别按各自序列统计）,词级候选或短语回看范围；同步画面采用实际帧时间；贡献归属采用原特征索引
05,2,正向,0.798313558101654,0.798313558101654,T,T,4.528360748291016,0.4536903403699398,3.8370490074157715e-07,"Hi, my name is Chloe, video marketer for Red Wagon Marketing.",3.340175151824951,0.8197411298751831,0.19927555322647095,0.7733609676361084,0.4527862071990967,True,"位置[7]，,，字符[[20, 21]]，分数+0.3215；标点或符号，无独立发音区间；
位置[2]，,，字符[[2, 3]]，分数+0.2982；标点或符号，无独立发音区间；
位置[5]，is，字符[[12, 14]]，分数+0.2923；词级候选 2.27—2.39s；同步画面2.333s",0.14844241738319397,0.03643053025007248,0.010277152061462402,0.039884213358163834,0.33134332299232483,True,"位置[4]，name，字符[[7, 11]]，分数+0.0262；词级候选 2.10—2.27s；同步画面2.200s；
位置[5]，is，字符[[12, 14]]，分数+0.0251；词级候选 2.27—2.39s；同步画面2.333s；
位置[8]，video，字符[[22, 27]]，分数+0.0183；短语级回看 2.39—4.07s；同步画面3.233s",0.5860532522201538,0.1438283622264862,0.048121996223926544,0.18675483763217926,0.21587052941322327,True,"位置[2]，,，字符[[2, 3]]，分数+0.0704；标点或符号，无独立发音区间；
位置[1]，Hi，字符[[0, 2]]，分数+0.0672；语音定位支持不足（局部声学边界支持不足）；
位置[4]，name，字符[[7, 11]]，分数+0.0649；词级候选 2.10—2.27s；同步画面2.200s",no_low_support_flag,未触发双模型低内容支持提示；候选时间按关键项分别标注,对齐版非零视觉行15；未对齐版非零视觉行90（分别按各自序列统计）,词级候选或短语回看范围；同步画面采用实际帧时间；贡献归属采用原特征索引
06,2,正向,0.9138823747634888,0.9138823747634888,T,T,5.297308826446534,0.4536903403699398,3.8370490074157715e-07,"If you're a fan of dancing in that sense, just like to watch people dance, see impressive dance moves then you might want to check out this movie solely for that",4.79665994644165,0.9360164403915405,0.3268788456916809,0.6988222002983093,0.3899836540222168,True,"位置[33]，solely，字符[[146, 152]]，分数+0.1871；短语级回看 6.71—7.33s；同步画面7.033s；
位置[14]，like，字符[[47, 51]]，分数+0.1757；词级候选 2.31—2.49s；同步画面2.400s；
位置[6]，fan，字符[[12, 15]]，分数+0.1736；词级候选 0.74—0.98s；同步画面0.867s",0.18742260336875916,0.03657349944114685,0.05680980160832405,0.12145157903432846,0.2802126705646515,True,"位置[21]，impressive，字符[[79, 89]]，分数+0.0153；短语级回看 3.91—5.69s；同步画面4.800s；
位置[23]，moves，字符[[96, 101]]，分数+0.0130；短语级回看 3.91—5.69s；同步画面4.800s；
位置[22]，dance，字符[[90, 95]]，分数+0.0129；短语级回看 3.91—5.69s；同步画面4.800s",-0.14046382904052734,0.027410002425312996,-0.08406813442707062,0.17972615361213684,0.3298037052154541,True,"位置[14]，like，字符[[47, 51]]，分数-0.0085；词级候选 2.31—2.49s；同步画面2.400s；
位置[15]，to，字符[[52, 54]]，分数-0.0082；词级候选 2.49—2.58s；同步画面2.533s；
位置[13]，just，字符[[42, 46]]，分数-0.0080；词级候选 2.14—2.31s；同步画面2.233s",no_low_support_flag,未触发双模型低内容支持提示；候选时间按关键项分别标注,对齐版非零视觉行35；未对齐版非零视觉行123（分别按各自序列统计）,词级候选或短语回看范围；同步画面采用实际帧时间；贡献归属采用原特征索引
07,2,正向,0.8534539937973022,0.8534539937973022,T,T,3.3435222148895263,0.4536903403699398,1.4528632164001465e-07,"As Linn’s associate editor Michael Baadke reports in our November 28 issue, attendees “enthusiastically discussed the topics of growing the hobby, the future of stamp shows, and dealers and philatelic partnerships, along with ways the leading organizations involved in the stamp hobby can work together to make it succeed and grow",2.6153359413146973,0.9050131440162659,0.23403146862983704,0.8431656360626221,0.41416817903518677,True,"位置[21]，enthusiastically，字符[[87, 103]]，分数+0.1252；语音定位支持不足（局部声学边界支持不足）；
位置[46]，ways，字符[[226, 230]]，分数+0.1243；短语级回看 12.88—15.04s；同步画面13.967s；
位置[44]，along，字符[[215, 220]]，分数+0.1240；短语级回看 12.88—15.04s；同步画面13.967s",0.06320204585790634,0.02187049202620983,0.015775665640830994,0.05683637037873268,0.3018926680088043,True,"位置[45]，with，字符[[221, 225]]，分数+0.0086；短语级回看 12.88—15.04s；同步画面13.967s；
位置[22]，discussed，字符[[104, 113]]，分数+0.0082；语音定位支持不足（原文与识别结果未形成唯一精确匹配）；
位置[24]，topics，字符[[118, 124]]，分数+0.0079；短语级回看 7.44—8.82s；同步画面8.133s",0.21129396557807922,0.07311634719371796,0.0277557373046875,0.09999802708625793,0.2839391827583313,True,"位置[42]，partnerships，字符[[201, 213]]，分数+0.0118；短语级回看 12.88—15.04s；同步画面13.967s；
位置[44]，along，字符[[215, 220]]，分数+0.0116；短语级回看 12.88—15.04s；同步画面13.967s；
位置[43]，,，字符[[213, 214]]，分数+0.0114；标点或符号，无独立发音区间",no_low_support_flag,未触发双模型低内容支持提示；候选时间按关键项分别标注,对齐版非零视觉行48；未对齐版非零视觉行319（分别按各自序列统计）,词级候选或短语回看范围；同步画面采用实际帧时间；贡献归属采用原特征索引
08,2,正向,0.5174393653869629,0.5174393653869629,T,T,4.541685485839844,0.4536903403699398,9.313225746154785e-08,"That brings us to tonight, the Universal Design Grand Challenge",4.1136698722839355,0.9846637845039368,0.23347947001457214,0.7587161064147949,0.3777984082698822,True,"位置[8]，Universal，字符[[31, 40]]，分数+0.4617；语音定位支持不足（局部声学边界支持不足）；
位置[9]，Design，字符[[41, 47]]，分数+0.4302；语音定位支持不足（局部声学边界支持不足）；
位置[2]，brings，字符[[5, 11]]，分数+0.4274；词级候选 0.85—1.08s；同步画面0.967s",0.019198156893253326,0.004595344420522451,-0.007529822178184986,0.02446894906461239,0.3037630617618561,True,"位置[1]，That，字符[[0, 4]]，分数+0.0332；词级候选 0.54—0.85s；同步画面0.700s；
位置[2]，brings，字符[[5, 11]]，分数+0.0153；词级候选 0.85—1.08s；同步画面0.967s；
位置[8]，Universal，字符[[31, 40]]，分数-0.0148；语音定位支持不足（局部声学边界支持不足）",-0.044872865080833435,0.010740941390395164,-0.0667203962802887,0.21681495010852814,0.31843847036361694,True,"位置[7]，the，字符[[27, 30]]，分数-0.0081；词级候选 1.85—1.90s；同步画面1.867s；
位置[3]，us，字符[[12, 14]]，分数-0.0074；词级候选 1.08—1.20s；同步画面1.133s；
位置[5]，tonight，字符[[18, 25]]，分数-0.0071；短语级回看 1.39—1.90s；同步画面1.633s",no_low_support_flag,未触发双模型低内容支持提示；候选时间按关键项分别标注,对齐版非零视觉行11；未对齐版非零视觉行74（分别按各自序列统计）,词级候选或短语回看范围；同步画面采用实际帧时间；贡献归属采用原特征索引
09,0,负向,-2.293168544769287,-2.293168544769287,T,T,10.373974227905274,0.39831538647413256,4.246830940246582e-07,"(uhh) I did not like this movie at all, I would not recommend it",9.986863136291504,0.9950034022331238,-1.0778108835220337,0.9382736086845398,0.4122147262096405,True,"位置[18]，it，字符[[62, 64]]，分数+0.5707；语音定位支持不足（局部声学边界支持不足）；
位置[16]，not，字符[[48, 51]]，分数+0.5688；语音定位支持不足（局部声学边界支持不足）；
位置[9]，this，字符[[21, 25]]，分数+0.5667；词级候选 1.62—1.82s；同步画面1.733s",0.01947326585650444,0.001940145273692906,0.06351742148399353,0.0552942268550396,0.25376954674720764,True,"位置[15]，would，字符[[42, 47]]，分数+0.0059；语音定位支持不足（局部声学边界支持不足）；
位置[12]，all，字符[[35, 38]]，分数+0.0058；语音定位支持不足（局部声学边界支持不足）；
位置[13]，,，字符[[38, 39]]，分数+0.0058；标点或符号，无独立发音区间",-0.03067823499441147,0.003056510118767619,-0.007388720754534006,0.006432150490581989,0.33401569724082947,True,"位置[15]，would，字符[[42, 47]]，分数-0.0037；语音定位支持不足（局部声学边界支持不足）；
位置[13]，,，字符[[38, 39]]，分数-0.0029；标点或符号，无独立发音区间；
位置[11]，at，字符[[32, 34]]，分数-0.0029；语音定位支持不足（局部声学边界支持不足）",no_low_support_flag,未触发双模型低内容支持提示；候选时间按关键项分别标注,对齐版非零视觉行18；未对齐版非零视觉行75（分别按各自序列统计）,词级候选或短语回看范围；同步画面采用实际帧时间；贡献归属采用原特征索引
10,0,负向,-2.159799098968506,-2.159799098968506,T,T,10.038004302978516,0.39831538647413256,5.289912223815918e-07,(umm) And you know I really do like to see fluffy chick flicks sometimes so I'm not against that but this one was pretty terrible,9.580050468444824,0.9936845898628235,-1.0216026306152344,0.9115696549415588,0.44338464736938477,True,"位置[30]，terrible，字符[[121, 129]]，分数+0.3731；语音定位支持不足（局部声学边界支持不足）；
位置[28]，was，字符[[110, 113]]，分数+0.3649；短语级回看 7.20—8.60s；同步画面7.900s；
位置[29]，pretty，字符[[114, 120]]，分数+0.3630；短语级回看 7.20—8.60s；同步画面7.900s",0.06026264652609825,0.006250704638659954,0.059971775859594345,0.053512442857027054,0.26732492446899414,True,"位置[24]，that，字符[[92, 96]]，分数+0.0046；短语级回看 5.29—6.94s；同步画面6.100s；
位置[11]，to，字符[[36, 38]]，分数+0.0038；词级候选 2.70—2.84s；同步画面2.767s；
位置[10]，like，字符[[31, 35]]，分数+0.0038；词级候选 2.48—2.70s；同步画面2.600s",-0.0006238967180252075,6.471329106716439e-05,0.039132747799158096,0.03491790592670441,0.2892904579639435,True,"位置[6]，know，字符[[14, 18]]，分数+0.0023；词级候选 1.42—1.68s；同步画面1.567s；
位置[7]，I，字符[[19, 20]]，分数+0.0019；短语级回看 1.42—1.97s；同步画面1.700s；
位置[2]，umm，字符[[1, 4]]，分数-0.0018；语音定位支持不足（原文与识别结果未形成唯一精确匹配）",no_low_support_flag,未触发双模型低内容支持提示；候选时间按关键项分别标注,对齐版非零视觉行30；未对齐版非零视觉行147（分别按各自序列统计）,词级候选或短语回看范围；同步画面采用实际帧时间；贡献归属采用原特征索引
11,0,负向,-1.7402122020721436,-1.7402122020721436,T,T,7.147138023376465,0.39831538647413256,5.289912223815918e-07,I would be ashamed to have made this film if I was a director,6.779362678527832,0.9940088391304016,-0.6485898494720459,0.957241415977478,0.40053069591522217,True,"位置[4]，ashamed，字符[[11, 18]]，分数+0.5581；短语级回看 0.87—3.34s；同步画面2.100s；
位置[6]，have，字符[[22, 26]]，分数+0.5324；词级候选 3.34—3.49s；同步画面3.400s；
位置[3]，be，字符[[8, 10]]，分数+0.5289；词级候选 0.74—0.87s；同步画面0.800s",-0.03570052608847618,0.005234509240835905,-0.011097840033471584,0.016379091888666153,0.3093266487121582,True,"位置[9]，film，字符[[37, 41]]，分数-0.0082；词级候选 3.85—4.25s；同步画面4.033s；
位置[12]，was，字符[[47, 50]]，分数-0.0061；词级候选 4.56—4.78s；同步画面4.667s；
位置[3]，be，字符[[8, 10]]，分数-0.0058；词级候选 0.74—0.87s；同步画面0.800s",0.0051605794578790665,0.0007566583808511496,-0.0178737323731184,0.026379501447081566,0.290142685174942,True,"位置[1]，I，字符[[0, 1]]，分数+0.0020；语音定位支持不足（局部声学边界支持不足）；
位置[2]，would，字符[[2, 7]]，分数+0.0020；词级候选 0.64—0.74s；同步画面0.700s；
位置[13]，a，字符[[51, 52]]，分数+0.0013；语音定位支持不足（原文与识别结果未形成唯一精确匹配）",no_low_support_flag,未触发双模型低内容支持提示；候选时间按关键项分别标注,对齐版非零视觉行14；未对齐版非零视觉行86（分别按各自序列统计）,词级候选或短语回看范围；同步画面采用实际帧时间；贡献归属采用原特征索引
12,0,负向,-0.6896350979804993,-0.6896350979804993,T,T,4.4869941711425785,0.39831538647413256,5.289912223815918e-07,"Or worse, an individual previously had good credit, but usually by no fault of their own, or perhaps by fault of their own, they have let their credit sag, and credit scores is very low.",4.16517448425293,0.9659956693649292,-0.24656949937343597,0.8614000678062439,0.41464757919311523,True,"位置[41]，low，字符[[182, 185]]，分数+0.1494；语音定位支持不足（连续片段的信息锚点不足）；
位置[36]，and，字符[[156, 159]]，分数+0.1437；语音定位支持不足（局部声学边界支持不足）；
位置[30]，let，字符[[134, 137]]，分数+0.1401；词级候选 9.02—9.24s；同步画面9.133s",-0.11155763268470764,0.025872670114040375,0.01859479397535324,0.06496162712574005,0.2805134057998657,True,"位置[12]，usually，字符[[56, 63]]，分数-0.0065；短语级回看 1.20—4.86s；同步画面3.033s；
位置[20]，or，字符[[90, 92]]，分数-0.0061；短语级回看 6.12—7.71s；同步画面6.900s；
位置[21]，perhaps，字符[[93, 100]]，分数-0.0057；短语级回看 6.12—7.71s；同步画面6.900s",0.03506217151880264,0.008131689392030239,-0.021078435704112053,0.07363832741975784,0.30483901500701904,True,"位置[35]，,，字符[[154, 155]]，分数+0.0034；标点或符号，无独立发音区间；
位置[34]，g，字符[[153, 154]]，分数+0.0034；语音定位支持不足（局部声学边界支持不足）；
位置[33]，sa，字符[[151, 153]]，分数+0.0033；语音定位支持不足（局部声学边界支持不足）",no_low_support_flag,未触发双模型低内容支持提示；候选时间按关键项分别标注,对齐版非零视觉行42；未对齐版非零视觉行193（分别按各自序列统计）,词级候选或短语回看范围；同步画面采用实际帧时间；贡献归属采用原特征索引
13,1,中性,0.0,0.11312393099069595,T,T,1.2546849012374879,-0.4536903403699398,9.313225746154785e-08,"For example, I could take a set of data and from that data, I can find a relationship between any two of the given factors or more.",1.8411974906921387,0.9327148795127869,0.014337653294205666,0.6306760311126709,0.640612781047821,True,"位置[19]，a，字符[[71, 72]]，分数+0.1115；语音定位支持不足（局部声学边界支持不足）；
位置[21]，between，字符[[86, 93]]，分数+0.1050；短语级回看 5.03—6.48s；同步画面5.767s；
位置[25]，the，字符[[105, 108]]，分数+0.0878；词级候选 6.86—6.92s；同步画面6.900s",-0.13282214105129242,0.06728511303663254,0.008396131917834282,0.3693239688873291,0.35938721895217896,True,"位置[22]，any，字符[[94, 97]]，分数-0.0107；短语级回看 5.03—6.48s；同步画面5.767s；
位置[23]，two，字符[[98, 101]]，分数-0.0086；词级候选 6.48—6.71s；同步画面6.600s；
位置[26]，given，字符[[109, 114]]，分数-0.0074；语音定位支持不足（局部声学边界支持不足）",0.0,0.0,0.0,0.0,0.0,False,无有效视觉观测。,no_low_support_flag,未触发双模型低内容支持提示；候选时间按关键项分别标注,对齐版非零视觉行0；未对齐版非零视觉行17（分别按各自序列统计）,词级候选或短语回看范围；同步画面采用实际帧时间；贡献归属采用原特征索引
14,1,中性,0.0,0.2018175721168518,T,V,2.33612642288208,-0.4536903403699398,3.8370490074157715e-07,He is the co-founder of Rossen and Vettese Limited and the former Executive Director of Uniform Final Examination (UFE) courses at Toronto's York University.,3.669964075088501,0.8065657019615173,-0.07230930030345917,0.36705079674720764,0.57797771692276,True,"位置[11]，Vet，字符[[35, 38]]，分数+0.1775；语音定位支持不足（原文与识别结果未形成唯一精确匹配）；
位置[1]，He，字符[[0, 2]]，分数+0.1516；语音定位支持不足（连续片段的信息锚点不足）；
位置[2]，is，字符[[3, 5]]，分数+0.1426；语音定位支持不足（连续片段的信息锚点不足）",-0.19792377948760986,0.04349866136908531,0.04374215006828308,0.22204047441482544,0.2929649353027344,True,"位置[3]，the，字符[[6, 9]]，分数-0.0202；语音定位支持不足（连续片段的信息锚点不足）；
位置[10]，and，字符[[31, 34]]，分数-0.0190；语音定位支持不足（原文与识别结果未形成唯一精确匹配）；
位置[6]，founder，字符[[13, 20]]，分数-0.0185；语音定位支持不足（连续片段的信息锚点不足）",-0.6822236776351929,0.14993558824062347,0.08094935119152069,0.4109087288379669,0.1290573626756668,True,"位置[19]，Director，字符[[76, 84]]，分数-0.0350；语音定位支持不足（局部声学边界支持不足）；
位置[34]，University，字符[[146, 156]]，分数-0.0321；语音定位支持不足（局部声学边界支持不足）；
位置[33]，York，字符[[141, 145]]，分数-0.0319；语音定位支持不足（局部声学边界支持不足）",no_low_support_flag,未触发双模型低内容支持提示；候选时间按关键项分别标注,对齐版非零视觉行35；未对齐版非零视觉行153（分别按各自序列统计）,词级候选或短语回看范围；同步画面采用实际帧时间；贡献归属采用原特征索引
15,2,正向,0.6386650800704956,0.6386650800704956,T,T,3.9351176261901855,0.4536903403699398,1.4528632164001465e-07,"However, despite their poverty, the family prioritize education because they believed in its power to transform lives",2.562700033187866,0.7361060976982117,0.13749203085899353,0.6833503842353821,0.4763917922973633,True,"位置[20]，transform，字符[[102, 111]]，分数+0.3343；语音定位支持不足（原文与识别结果未形成唯一精确匹配）；
位置[19]，to，字符[[99, 101]]，分数+0.2809；语音定位支持不足（原文与识别结果未形成唯一精确匹配）；
位置[18]，power，字符[[93, 98]]，分数+0.2699；语音定位支持不足（原文与识别结果未形成唯一精确匹配）",0.5240339636802673,0.15052272379398346,0.01026013121008873,0.05099397152662277,0.2497420459985733,True,"位置[15]，believed，字符[[77, 85]]，分数+0.0471；语音定位支持不足（原文与识别结果未形成唯一精确匹配）；
位置[16]，in，字符[[86, 88]]，分数+0.0361；语音定位支持不足（原文与识别结果未形成唯一精确匹配）；
位置[18]，power，字符[[93, 98]]，分数+0.0338；语音定位支持不足（原文与识别结果未形成唯一精确匹配）",0.3946933150291443,0.1133711189031601,0.05345065891742706,0.26565560698509216,0.273866206407547,True,"位置[21]，lives，字符[[112, 117]]，分数+0.0625；语音定位支持不足（原文与识别结果未形成唯一精确匹配）；
位置[20]，transform，字符[[102, 111]]，分数+0.0362；语音定位支持不足（原文与识别结果未形成唯一精确匹配）；
位置[12]，education，字符[[54, 63]]，分数+0.0210；语音定位支持不足（原文与识别结果未形成唯一精确匹配）",low_cross_recognizer_support,两个识别模型均显示原文内容支持偏低；媒体对应待确认,对齐版非零视觉行21；未对齐版非零视觉行110（分别按各自序列统计）,词级候选或短语回看范围；同步画面采用实际帧时间；贡献归属采用原特征索引
16,0,负向,-2.6363441944122314,-2.6363441944122314,T,T,10.95662727355957,0.39831538647413256,5.289912223815918e-07,"It's a terrible, this is a terrible movie",10.65891170501709,0.9903989434242249,-1.3986546993255615,0.9905558824539185,0.3951055407524109,True,"位置[5]，terrible，字符[[7, 15]]，分数+0.9867；短语级回看 0.76—1.60s；同步画面1.167s；
位置[3]，s，字符[[3, 4]]，分数+0.9829；语音定位支持不足（连续片段的信息锚点不足）；
位置[10]，terrible，字符[[27, 35]]，分数+0.9827；词级候选 1.72—2.14s；同步画面1.933s",0.0013642488047480583,0.0001267625339096412,0.013303080573678017,0.009421514347195625,0.2917526662349701,True,"位置[7]，this，字符[[17, 21]]，分数+0.0080；短语级回看 0.76—1.60s；同步画面1.167s；
位置[8]，is，字符[[22, 24]]，分数-0.0041；词级候选 1.60—1.66s；同步画面1.633s；
位置[1]，It，字符[[0, 2]]，分数-0.0037；语音定位支持不足（连续片段的信息锚点不足）",-0.10196440666913986,0.009474272839725018,-3.1931325793266296e-05,2.2614418412558734e-05,0.3131418228149414,True,"位置[7]，this，字符[[17, 21]]，分数-0.0160；短语级回看 0.76—1.60s；同步画面1.167s；
位置[5]，terrible，字符[[7, 15]]，分数-0.0153；短语级回看 0.76—1.60s；同步画面1.167s；
位置[6]，,，字符[[15, 16]]，分数-0.0153；标点或符号，无独立发音区间",no_low_support_flag,未触发双模型低内容支持提示；候选时间按关键项分别标注,对齐版非零视觉行11；未对齐版非零视觉行40（分别按各自序列统计）,词级候选或短语回看范围；同步画面采用实际帧时间；贡献归属采用原特征索引
17,2,正向,1.7645349502563477,1.7645349502563477,T,T,8.196987533569336,0.4536903403699398,3.8370490074157715e-07,"Applying these four design concepts to your presentations is simple, easy and will make people think you turned into a design guru.",7.287353038787842,0.941117525100708,0.6162136793136597,0.9338210225105286,0.37702202796936035,True,"位置[14]，will，字符[[78, 82]]，分数+0.3360；短语级回看 3.04—6.90s；同步画面4.967s；
位置[13]，and，字符[[74, 77]]，分数+0.3331；短语级回看 3.04—6.90s；同步画面4.967s；
位置[7]，your，字符[[39, 43]]，分数+0.3313；词级候选 2.93—3.04s；同步画面3.000s",0.1284841001033783,0.01659294404089451,0.009227560833096504,0.013983607292175293,0.3259231746196747,True,"位置[4]，design，字符[[20, 26]]，分数+0.0185；语音定位支持不足（局部声学边界支持不足）；
位置[2]，these，字符[[9, 14]]，分数+0.0157；语音定位支持不足（局部声学边界支持不足）；
位置[1]，Applying，字符[[0, 8]]，分数+0.0145；语音定位支持不足（局部声学边界支持不足）",0.32746046781539917,0.04228953644633293,0.03444288298487663,0.05219534784555435,0.29705479741096497,True,"位置[19]，turned，字符[[105, 111]]，分数+0.0350；词级候选 7.78—8.04s；同步画面7.900s；
位置[20]，into，字符[[112, 116]]，分数+0.0319；词级候选 8.04—8.22s；同步画面8.133s；
位置[8]，presentations，字符[[44, 57]]，分数+0.0241；短语级回看 3.04—6.90s；同步画面4.967s",no_low_support_flag,未触发双模型低内容支持提示；候选时间按关键项分别标注,对齐版非零视觉行24；未对齐版非零视觉行143（分别按各自序列统计）,词级候选或短语回看范围；同步画面采用实际帧时间；贡献归属采用原特征索引
18,0,负向,-0.5240976214408875,-0.5240976214408875,T,T,1.6950844764709472,0.39831538647413256,1.862645149230957e-07,"-And in Denmark - the first Baltic Cod fishery has been MSC – certified -Meanwhile, the Faeroese Mackerel Fishery has been denied MSC certification based on the fact that the fishery has failed to reach an agreement on mackerel quotas with Norway and the European Union.",1.397430658340454,0.9328067302703857,-0.23843112587928772,0.8355435729026794,0.45224010944366455,True,"位置[17]，Meanwhile，字符[[73, 82]]，分数+0.1514；语音定位支持不足（局部声学边界支持不足）；
位置[35]，fact，字符[[161, 165]]，分数+0.1484；词级候选 11.60—11.94s；同步画面11.767s；
位置[32]，based，字符[[148, 153]]，分数+0.1430；短语级回看 8.97—11.54s；同步画面10.267s",-0.0013135634362697601,0.0008768240222707391,0.03926517069339752,0.13759848475456238,0.2503354251384735,True,"位置[4]，Denmark，字符[[8, 15]]，分数-0.0025；短语级回看 0.80—1.66s；同步画面1.233s；
位置[14]，–，字符[[60, 61]]，分数-0.0023；标点或符号，无独立发音区间；
位置[34]，the，字符[[157, 160]]，分数-0.0018；词级候选 11.54—11.60s；同步画面11.567s",-0.09934823215007782,0.06631649285554886,0.00766416359692812,0.026857830584049225,0.29742446541786194,True,"位置[35]，fact，字符[[161, 165]]，分数-0.0028；词级候选 11.60—11.94s；同步画面11.767s；
位置[36]，that，字符[[166, 170]]，分数-0.0025；词级候选 11.94—12.05s；同步画面12.000s；
位置[7]，first，字符[[22, 27]]，分数-0.0025；词级候选 1.66—2.01s；同步画面1.833s",no_low_support_flag,未触发双模型低内容支持提示；候选时间按关键项分别标注,对齐版非零视觉行48；未对齐版非零视觉行280（分别按各自序列统计）,词级候选或短语回看范围；同步画面采用实际帧时间；贡献归属采用原特征索引
19,2,正向,0.630868673324585,0.630868673324585,T,T,2.869961881637573,0.4536903403699398,9.313225746154785e-08,"People are surprisingly forgiving brands when they own up to mistakes, and unfortunately some haters out there love to point fingers and jump all over imperfections, but for the most part, people understand",1.7238577604293823,0.7134371399879456,0.1189216896891594,0.5991554856300354,0.4597186744213104,True,"位置[3]，surprisingly，字符[[11, 23]]，分数+0.1747；短语级回看 0.83—2.99s；同步画面1.900s；
位置[36]，part，字符[[183, 187]]，分数+0.1671；词级候选 11.80—12.09s；同步画面11.933s；
位置[35]，most，字符[[178, 182]]，分数+0.1658；词级候选 11.52—11.80s；同步画面11.667s",0.19514819979667664,0.08076418936252594,0.0041162241250276566,0.0207385066896677,0.30271902680397034,True,"位置[1]，People，字符[[0, 6]]，分数+0.0155；语音定位支持不足（局部声学边界支持不足）；
位置[2]，are，字符[[7, 10]]，分数+0.0146；词级候选 0.75—0.83s；同步画面0.800s；
位置[3]，surprisingly，字符[[11, 23]]，分数+0.0129；短语级回看 0.83—2.99s；同步画面1.900s",0.4972655177116394,0.2057987004518509,0.0754442811012268,0.3801060616970062,0.23756229877471924,True,"位置[21]，love，字符[[111, 115]]，分数+0.0261；短语级回看 6.30—9.12s；同步画面7.700s；
位置[22]，to，字符[[116, 118]]，分数+0.0249；短语级回看 6.30—9.12s；同步画面7.700s；
位置[20]，there，字符[[105, 110]]，分数+0.0241；短语级回看 6.30—9.12s；同步画面7.700s",no_low_support_flag,未触发双模型低内容支持提示；候选时间按关键项分别标注,对齐版非零视觉行39；未对齐版非零视觉行204（分别按各自序列统计）,词级候选或短语回看范围；同步画面采用实际帧时间；贡献归属采用原特征索引
20,2,正向,0.5035297870635986,0.5035297870635986,T,T,2.6904672622680663,0.4536903403699398,3.8370490074157715e-07,"And of course, click in the link of the description of this video for more, and we'll have more live updates and a stock market video (wrap-up) at the end of the day today.",1.4070277214050293,0.629042387008667,0.10192251950502396,0.6598871350288391,0.4823797047138214,True,"位置[36]，at，字符[[144, 146]]，分数+0.0975；语音定位支持不足（连续片段的信息锚点不足）；
位置[23]，more，字符[[91, 95]]，分数+0.0945；语音定位支持不足（局部声学边界支持不足）；
位置[26]，and，字符[[109, 112]]，分数+0.0821；语音定位支持不足（局部声学边界支持不足）",0.38757580518722534,0.1732742041349411,0.014685099013149738,0.09507720172405243,0.2626113295555115,True,"位置[40]，the，字符[[158, 161]]，分数+0.0230；语音定位支持不足（连续片段的信息锚点不足）；
位置[36]，at，字符[[144, 146]]，分数+0.0191；语音定位支持不足（连续片段的信息锚点不足）；
位置[30]，video，字符[[128, 133]]，分数+0.0190；语音定位支持不足（局部声学边界支持不足）",0.44217365980148315,0.19768336415290833,0.037846848368644714,0.24503563344478607,0.2550089657306671,True,"位置[13]，this，字符[[55, 59]]，分数+0.0212；语音定位支持不足（局部声学边界支持不足）；
位置[16]，more，字符[[70, 74]]，分数+0.0201；词级候选 3.44—3.87s；同步画面3.667s；
位置[15]，for，字符[[66, 69]]，分数+0.0188；词级候选 3.24—3.44s；同步画面3.333s",no_low_support_flag,未触发双模型低内容支持提示；候选时间按关键项分别标注,对齐版非零视觉行43；未对齐版非零视觉行162（分别按各自序列统计）,词级候选或短语回看范围；同步画面采用实际帧时间；贡献归属采用原特征索引
