sample_id,modalities,audio_observed_s,audio_signal_usable,video_observed_s,text_shape,audio_shape,scene_shape,face_shape,automatic_candidate_words,unresolved_words,baseline_candidate_words,locally_restored_words,sample_content_status,granularity,feature_file,index_file
-3g5yACwYnA$_$13,text/audio/scene/face-events,5.399092970521542,True,5.433333333333321,15x768,269x17,29x512,29x52,11,4,11,0,supported,native sequences; physical AV cells; selective word candidates,data/features/-3g5yACwYnA$_$13.npz,data/temporal_index/-3g5yACwYnA$_$13.npz
-3g5yACwYnA$_$2,text/audio/scene/face-events,9.231292517006803,True,9.26666666666664,14x768,461x17,47x512,47x52,12,2,12,0,supported,native sequences; physical AV cells; selective word candidates,data/features/-3g5yACwYnA$_$2.npz,data/temporal_index/-3g5yACwYnA$_$2.npz
-3g5yACwYnA$_$3,text/audio/scene/face-events,14.327868480725623,True,14.366666666666623,29x768,716x17,73x512,73x52,21,8,21,0,supported,native sequences; physical AV cells; selective word candidates,data/features/-3g5yACwYnA$_$3.npz,data/temporal_index/-3g5yACwYnA$_$3.npz
-3g5yACwYnA$_$9,text/audio/scene/face-events,8.696145124716553,True,8.766666666666643,23x768,434x17,45x512,45x52,17,6,17,0,supported,native sequences; physical AV cells; selective word candidates,data/features/-3g5yACwYnA$_$9.npz,data/temporal_index/-3g5yACwYnA$_$9.npz
-3nNcZdcdvU$_$5,text/audio/scene/face-events,7.788571428571428,True,7.866666666666646,18x768,389x17,40x512,39x52,16,2,16,0,supported,native sequences; physical AV cells; selective word candidates,data/features/-3nNcZdcdvU$_$5.npz,data/temporal_index/-3nNcZdcdvU$_$5.npz
-571d8cVauQ$_$0,text/audio/scene/face-events,4.992290249433107,True,5.066666666666656,12x768,249x17,27x512,26x52,6,6,6,0,supported,native sequences; physical AV cells; selective word candidates,data/features/-571d8cVauQ$_$0.npz,data/temporal_index/-571d8cVauQ$_$0.npz
-571d8cVauQ$_$5,text/audio/scene/face-events,15.115260770975057,True,15.16666666666662,43x768,755x17,77x512,77x52,41,2,41,0,supported,native sequences; physical AV cells; selective word candidates,data/features/-571d8cVauQ$_$5.npz,data/temporal_index/-571d8cVauQ$_$5.npz
-6rXp3zJ3kc$_$8,text/audio/scene/face-events,12.73798185941043,True,12.799999999999962,34x768,636x17,65x512,65x52,29,5,29,0,supported,native sequences; physical AV cells; selective word candidates,data/features/-6rXp3zJ3kc$_$8.npz,data/temporal_index/-6rXp3zJ3kc$_$8.npz
-9y-fZ3swSY$_$0,text/audio/scene/face-events,6.757006802721088,True,6.833333333333316,22x768,337x17,35x512,35x52,11,11,11,0,supported,native sequences; physical AV cells; selective word candidates,data/features/-9y-fZ3swSY$_$0.npz,data/temporal_index/-9y-fZ3swSY$_$0.npz
-9y-fZ3swSY$_$4,text/audio/scene/face-events,2.664807256235828,True,2.6999999999999975,9x768,132x17,15x512,15x52,0,9,0,0,insufficient_evidence,native sequences; physical AV cells; selective word candidates,data/features/-9y-fZ3swSY$_$4.npz,data/temporal_index/-9y-fZ3swSY$_$4.npz
-9y-fZ3swSY$_$8,text/audio/scene/face-events,4.9170068027210885,True,4.966666666666656,12x768,245x17,26x512,23x52,12,0,12,0,supported,native sequences; physical AV cells; selective word candidates,data/features/-9y-fZ3swSY$_$8.npz,data/temporal_index/-9y-fZ3swSY$_$8.npz
-AUZQgSxyPQ$_$2,text/audio/scene/face-events,22.40453514739229,True,22.46666666666662,41x768,1119x17,113x512,113x52,14,27,0,14,insufficient_evidence,native sequences; physical AV cells; selective word candidates,data/features/-AUZQgSxyPQ$_$2.npz,data/temporal_index/-AUZQgSxyPQ$_$2.npz
-HeZS2-Prhc$_$2,text/audio/scene/face-events,8.150861678004535,True,8.199999999999978,16x768,407x17,42x512,42x52,11,5,11,0,supported,native sequences; physical AV cells; selective word candidates,data/features/-HeZS2-Prhc$_$2.npz,data/temporal_index/-HeZS2-Prhc$_$2.npz
-HwX2H8Z4hY$_$2,text/audio/scene/face-events,3.915827664399093,True,3.9666666666666597,7x768,195x17,21x512,5x52,0,7,0,0,insufficient_evidence,native sequences; physical AV cells; selective word candidates,data/features/-HwX2H8Z4hY$_$2.npz,data/temporal_index/-HwX2H8Z4hY$_$2.npz
-HwX2H8Z4hY$_$5,text/audio/scene/face-events,5.544036281179138,True,5.599999999999987,9x768,276x17,29x512,10x52,7,2,7,0,supported,native sequences; physical AV cells; selective word candidates,data/features/-HwX2H8Z4hY$_$5.npz,data/temporal_index/-HwX2H8Z4hY$_$5.npz
-HwX2H8Z4hY$_$6,text/audio/scene/face-events,3.2559863945578233,True,3.2999999999999954,7x768,162x17,18x512,11x52,0,7,0,0,insufficient_evidence,native sequences; physical AV cells; selective word candidates,data/features/-HwX2H8Z4hY$_$6.npz,data/temporal_index/-HwX2H8Z4hY$_$6.npz
-HwX2H8Z4hY$_$9,text/audio/scene/face-events,7.636326530612245,True,7.733333333333313,22x768,381x17,40x512,0x52,0,22,0,0,insufficient_evidence,native sequences; physical AV cells; selective word candidates,data/features/-HwX2H8Z4hY$_$9.npz,data/temporal_index/-HwX2H8Z4hY$_$9.npz
-I_e4mIh0yE$_$1,text/audio/scene/face-events,7.444308390022676,True,7.4999999999999805,18x768,371x17,39x512,39x52,18,0,18,0,supported,native sequences; physical AV cells; selective word candidates,data/features/-I_e4mIh0yE$_$1.npz,data/temporal_index/-I_e4mIh0yE$_$1.npz
-I_e4mIh0yE$_$3,text/audio/scene/face-events,8.99437641723356,True,9.033333333333308,22x768,449x17,46x512,46x52,17,5,17,0,supported,native sequences; physical AV cells; selective word candidates,data/features/-I_e4mIh0yE$_$3.npz,data/temporal_index/-I_e4mIh0yE$_$3.npz
-MeTTeMJBNc$_$0,text/audio/scene/face-events,9.218321995464853,True,9.299999999999974,21x768,460x17,48x512,47x52,19,2,19,0,supported,native sequences; physical AV cells; selective word candidates,data/features/-MeTTeMJBNc$_$0.npz,data/temporal_index/-MeTTeMJBNc$_$0.npz
-MeTTeMJBNc$_$13,text/audio/scene/face-events,5.255510204081633,True,5.299999999999988,14x768,262x17,28x512,28x52,12,2,12,0,supported,native sequences; physical AV cells; selective word candidates,data/features/-MeTTeMJBNc$_$13.npz,data/temporal_index/-MeTTeMJBNc$_$13.npz
-MeTTeMJBNc$_$7,text/audio/scene/face-events,10.411315192743764,True,10.466666666666637,31x768,520x17,54x512,54x52,29,2,29,0,supported,native sequences; physical AV cells; selective word candidates,data/features/-MeTTeMJBNc$_$7.npz,data/temporal_index/-MeTTeMJBNc$_$7.npz
-NFrJFQijFE$_$1,text/audio/scene/face-events,5.658866213151928,True,5.68,16x768,282x17,29x512,0x52,0,16,0,0,no_informative_support,native sequences; physical AV cells; selective word candidates,data/features/-NFrJFQijFE$_$1.npz,data/temporal_index/-NFrJFQijFE$_$1.npz
-NFrJFQijFE$_$2,text/audio/scene/face-events,6.698321995464853,True,6.76,18x768,334x17,35x512,0x52,0,18,0,0,no_informative_support,native sequences; physical AV cells; selective word candidates,data/features/-NFrJFQijFE$_$2.npz,data/temporal_index/-NFrJFQijFE$_$2.npz
-RfYyzHpjk4$_$11,text/audio/scene/face-events,5.074852607709751,True,5.133333333333322,17x768,253x17,27x512,27x52,12,5,12,0,supported,native sequences; physical AV cells; selective word candidates,data/features/-RfYyzHpjk4$_$11.npz,data/temporal_index/-RfYyzHpjk4$_$11.npz
-RfYyzHpjk4$_$2,text/audio/scene/face-events,5.391814058956916,True,5.466666666666654,25x768,269x17,29x512,29x52,18,7,18,0,supported,native sequences; physical AV cells; selective word candidates,data/features/-RfYyzHpjk4$_$2.npz,data/temporal_index/-RfYyzHpjk4$_$2.npz
-RfYyzHpjk4$_$8,text/audio/scene/face-events,4.532358276643991,True,4.5666666666666575,17x768,226x17,24x512,24x52,16,1,16,0,supported,native sequences; physical AV cells; selective word candidates,data/features/-RfYyzHpjk4$_$8.npz,data/temporal_index/-RfYyzHpjk4$_$8.npz
-THoVjtIkeU$_$12,text/audio/scene/face-events,14.805532879818594,True,14.833333333333288,39x768,740x17,75x512,75x52,37,2,37,0,supported,native sequences; physical AV cells; selective word candidates,data/features/-THoVjtIkeU$_$12.npz,data/temporal_index/-THoVjtIkeU$_$12.npz
-THoVjtIkeU$_$2,text/audio/scene/face-events,4.230861678004535,True,4.266666666666659,10x768,211x17,23x512,23x52,10,0,10,0,supported,native sequences; physical AV cells; selective word candidates,data/features/-THoVjtIkeU$_$2.npz,data/temporal_index/-THoVjtIkeU$_$2.npz
-THoVjtIkeU$_$6,text/audio/scene/face-events,7.982879818594104,True,8.033333333333312,30x768,398x17,41x512,41x52,27,3,27,0,supported,native sequences; physical AV cells; selective word candidates,data/features/-THoVjtIkeU$_$6.npz,data/temporal_index/-THoVjtIkeU$_$6.npz
-UUCSKoHeMA$_$0,text/audio/scene/face-events,7.732244897959184,True,7.799999999999979,18x768,386x17,40x512,39x52,16,2,16,0,supported,native sequences; physical AV cells; selective word candidates,data/features/-UUCSKoHeMA$_$0.npz,data/temporal_index/-UUCSKoHeMA$_$0.npz
-UacrmKiTn4$_$10,text/audio/scene/face-events,7.24204081632653,True,7.266666666666648,18x768,361x17,38x512,38x52,18,0,18,0,supported,native sequences; physical AV cells; selective word candidates,data/features/-UacrmKiTn4$_$10.npz,data/temporal_index/-UacrmKiTn4$_$10.npz
-UacrmKiTn4$_$4,text/audio/scene/face-events,4.681927437641724,True,4.733333333333324,14x768,233x17,25x512,25x52,13,1,13,0,supported,native sequences; physical AV cells; selective word candidates,data/features/-UacrmKiTn4$_$4.npz,data/temporal_index/-UacrmKiTn4$_$4.npz
-UuX1xuaiiE$_$0,text/audio/scene/face-events,3.575873015873016,True,3.6333333333333275,9x768,178x17,20x512,29x52,7,2,7,0,supported,native sequences; physical AV cells; selective word candidates,data/features/-UuX1xuaiiE$_$0.npz,data/temporal_index/-UuX1xuaiiE$_$0.npz
-UuX1xuaiiE$_$1,text/audio/scene/face-events,10.267482993197278,True,10.29999999999997,27x768,513x17,53x512,105x52,25,2,25,0,supported,native sequences; physical AV cells; selective word candidates,data/features/-UuX1xuaiiE$_$1.npz,data/temporal_index/-UuX1xuaiiE$_$1.npz
-UuX1xuaiiE$_$3,text/audio/scene/face-events,4.0383673469387755,True,4.0999999999999925,9x768,201x17,22x512,22x52,7,2,7,0,supported,native sequences; physical AV cells; selective word candidates,data/features/-UuX1xuaiiE$_$3.npz,data/temporal_index/-UuX1xuaiiE$_$3.npz
-UuX1xuaiiE$_$6,text/audio/scene/face-events,7.943832199546486,True,7.999999999999979,22x768,396x17,41x512,41x52,15,7,15,0,supported,native sequences; physical AV cells; selective word candidates,data/features/-UuX1xuaiiE$_$6.npz,data/temporal_index/-UuX1xuaiiE$_$6.npz
-a55Q6RWvTA$_$3,text/audio/scene/face-events,22.08328798185941,True,22.133333333333287,65x768,1103x17,112x512,116x52,60,5,60,0,supported,native sequences; physical AV cells; selective word candidates,data/features/-a55Q6RWvTA$_$3.npz,data/temporal_index/-a55Q6RWvTA$_$3.npz
-aNfi7CP8vM$_$7,text/audio/scene/face-events,8.537687074829932,True,8.566666666666643,18x768,426x17,44x512,44x52,15,3,15,0,supported,native sequences; physical AV cells; selective word candidates,data/features/-aNfi7CP8vM$_$7.npz,data/temporal_index/-aNfi7CP8vM$_$7.npz
-aqamKhZ1Ec$_$0,text/audio/scene/face-events,10.89015873015873,True,10.966666666666635,14x768,544x17,56x512,56x52,0,14,0,0,insufficient_evidence,native sequences; physical AV cells; selective word candidates,data/features/-aqamKhZ1Ec$_$0.npz,data/temporal_index/-aqamKhZ1Ec$_$0.npz
-dxfTGcXJoc$_$0,text/audio/scene/face-events,20.410340136054423,True,20.499999999999954,40x768,1020x17,104x512,81x52,30,10,30,0,supported,native sequences; physical AV cells; selective word candidates,data/features/-dxfTGcXJoc$_$0.npz,data/temporal_index/-dxfTGcXJoc$_$0.npz
-dxfTGcXJoc$_$1,text/audio/scene/face-events,16.0181179138322,True,16.06666666666662,37x768,800x17,82x512,82x52,32,5,32,0,supported,native sequences; physical AV cells; selective word candidates,data/features/-dxfTGcXJoc$_$1.npz,data/temporal_index/-dxfTGcXJoc$_$1.npz
-dxfTGcXJoc$_$2,text/audio/scene/face-events,16.633174603174602,True,16.666666666666618,34x768,831x17,85x512,85x52,32,2,32,0,supported,native sequences; physical AV cells; selective word candidates,data/features/-dxfTGcXJoc$_$2.npz,data/temporal_index/-dxfTGcXJoc$_$2.npz
-dxfTGcXJoc$_$6,text/audio/scene/face-events,12.6284126984127,True,12.699999999999962,28x768,631x17,65x512,65x52,25,3,25,0,supported,native sequences; physical AV cells; selective word candidates,data/features/-dxfTGcXJoc$_$6.npz,data/temporal_index/-dxfTGcXJoc$_$6.npz
-egA8-b7-3M$_$1,text/audio/scene/face-events,10.156213151927437,True,10.19999999999997,20x768,507x17,52x512,52x52,15,5,15,0,supported,native sequences; physical AV cells; selective word candidates,data/features/-egA8-b7-3M$_$1.npz,data/temporal_index/-egA8-b7-3M$_$1.npz
-egA8-b7-3M$_$13,text/audio/scene/face-events,4.023854875283447,True,4.0999999999999925,11x768,200x17,22x512,22x52,11,0,11,0,supported,native sequences; physical AV cells; selective word candidates,data/features/-egA8-b7-3M$_$13.npz,data/temporal_index/-egA8-b7-3M$_$13.npz
-egA8-b7-3M$_$16,text/audio/scene/face-events,5.482993197278912,True,5.533333333333321,11x768,273x17,29x512,29x52,11,0,11,0,supported,native sequences; physical AV cells; selective word candidates,data/features/-egA8-b7-3M$_$16.npz,data/temporal_index/-egA8-b7-3M$_$16.npz
-egA8-b7-3M$_$17,text/audio/scene/face-events,7.095215419501134,True,7.166666666666648,16x768,354x17,37x512,37x52,15,1,15,0,supported,native sequences; physical AV cells; selective word candidates,data/features/-egA8-b7-3M$_$17.npz,data/temporal_index/-egA8-b7-3M$_$17.npz
-egA8-b7-3M$_$18,text/audio/scene/face-events,8.265691609977324,True,8.33333333333331,22x768,413x17,43x512,43x52,21,1,21,0,supported,native sequences; physical AV cells; selective word candidates,data/features/-egA8-b7-3M$_$18.npz,data/temporal_index/-egA8-b7-3M$_$18.npz
-egA8-b7-3M$_$20,text/audio/scene/face-events,6.474399092970522,True,6.533333333333317,20x768,323x17,34x512,34x52,20,0,20,0,supported,native sequences; physical AV cells; selective word candidates,data/features/-egA8-b7-3M$_$20.npz,data/temporal_index/-egA8-b7-3M$_$20.npz
-egA8-b7-3M$_$26,text/audio/scene/face-events,5.920544217687075,True,5.966666666666653,15x768,295x17,31x512,31x52,13,2,13,0,supported,native sequences; physical AV cells; selective word candidates,data/features/-egA8-b7-3M$_$26.npz,data/temporal_index/-egA8-b7-3M$_$26.npz
-egA8-b7-3M$_$6,text/audio/scene/face-events,6.183083900226757,True,6.233333333333318,12x768,308x17,32x512,32x52,10,2,10,0,supported,native sequences; physical AV cells; selective word candidates,data/features/-egA8-b7-3M$_$6.npz,data/temporal_index/-egA8-b7-3M$_$6.npz
-egA8-b7-3M$_$9,text/audio/scene/face-events,4.93609977324263,True,4.999999999999989,10x768,246x17,26x512,26x52,10,0,10,0,supported,native sequences; physical AV cells; selective word candidates,data/features/-egA8-b7-3M$_$9.npz,data/temporal_index/-egA8-b7-3M$_$9.npz
-hnBHBN8p5A$_$6,text/audio/scene/face-events,6.332789115646259,True,6.380099999999982,13x768,316x17,33x512,17x52,0,13,0,0,no_informative_support,native sequences; physical AV cells; selective word candidates,data/features/-hnBHBN8p5A$_$6.npz,data/temporal_index/-hnBHBN8p5A$_$6.npz
-hnBHBN8p5A$_$7,text/audio/scene/face-events,7.308571428571429,True,7.339199999999973,13x768,365x17,38x512,29x52,0,13,0,0,no_informative_support,native sequences; physical AV cells; selective word candidates,data/features/-hnBHBN8p5A$_$7.npz,data/temporal_index/-hnBHBN8p5A$_$7.npz
-iRBcNs9oI8$_$3,text/audio/scene/face-events,5.538231292517007,True,5.572233333333334,8x768,276x17,29x512,29x52,0,8,0,0,no_informative_support,native sequences; physical AV cells; selective word candidates,data/features/-iRBcNs9oI8$_$3.npz,data/temporal_index/-iRBcNs9oI8$_$3.npz
-iRBcNs9oI8$_$6,text/audio/scene/face-events,2.820408163265306,True,2.836166666666667,5x768,140x17,15x512,15x52,0,5,0,0,no_informative_support,native sequences; physical AV cells; selective word candidates,data/features/-iRBcNs9oI8$_$6.npz,data/temporal_index/-iRBcNs9oI8$_$6.npz
-iRBcNs9oI8$_$7,text/audio/scene/face-events,4.005714285714285,True,4.0040000000000004,9x768,200x17,21x512,21x52,0,9,0,0,no_informative_support,native sequences; physical AV cells; selective word candidates,data/features/-iRBcNs9oI8$_$7.npz,data/temporal_index/-iRBcNs9oI8$_$7.npz
-iRBcNs9oI8$_$8,text/audio/scene/face-events,8.026031746031746,True,8.041366666666667,21x768,401x17,41x512,41x52,0,21,0,0,no_informative_support,native sequences; physical AV cells; selective word candidates,data/features/-iRBcNs9oI8$_$8.npz,data/temporal_index/-iRBcNs9oI8$_$8.npz
-iRBcNs9oI8$_$9,text/audio/scene/face-events,3.3740589569161,True,3.4034000000000004,5x768,168x17,18x512,13x52,0,5,0,0,insufficient_evidence,native sequences; physical AV cells; selective word candidates,data/features/-iRBcNs9oI8$_$9.npz,data/temporal_index/-iRBcNs9oI8$_$9.npz
-lzEya4AM_4$_$5,text/audio/scene/face-events,7.569705215419501,True,7.633333333333313,19x768,378x17,39x512,39x52,16,3,16,0,supported,native sequences; physical AV cells; selective word candidates,data/features/-lzEya4AM_4$_$5.npz,data/temporal_index/-lzEya4AM_4$_$5.npz
-lzEya4AM_4$_$6,text/audio/scene/face-events,14.740340136054423,True,14.766666666666621,43x768,736x17,75x512,75x52,38,5,38,0,supported,native sequences; physical AV cells; selective word candidates,data/features/-lzEya4AM_4$_$6.npz,data/temporal_index/-lzEya4AM_4$_$6.npz
-mJ2ud6oKI8$_$1,text/audio/scene/face-events,6.054512471655329,False,6.072733333333334,13x768,302x17,32x512,0x52,0,13,0,0,no_signal,native sequences; physical AV cells; selective word candidates,data/features/-mJ2ud6oKI8$_$1.npz,data/temporal_index/-mJ2ud6oKI8$_$1.npz
-mJ2ud6oKI8$_$2,text/audio/scene/face-events,5.701678004535148,False,5.7057,11x768,284x17,30x512,0x52,0,11,0,0,no_signal,native sequences; physical AV cells; selective word candidates,data/features/-mJ2ud6oKI8$_$2.npz,data/temporal_index/-mJ2ud6oKI8$_$2.npz
-mJ2ud6oKI8$_$6,text/audio/scene/face-events,2.2281179138321994,True,2.2355666666666667,5x768,111x17,12x512,12x52,0,5,0,0,no_informative_support,native sequences; physical AV cells; selective word candidates,data/features/-mJ2ud6oKI8$_$6.npz,data/temporal_index/-mJ2ud6oKI8$_$6.npz
-mJ2ud6oKI8$_$8,text/audio/scene/face-events,4.171337868480726,True,4.170833333333333,11x768,208x17,22x512,22x52,0,11,0,0,no_informative_support,native sequences; physical AV cells; selective word candidates,data/features/-mJ2ud6oKI8$_$8.npz,data/temporal_index/-mJ2ud6oKI8$_$8.npz
-mJ2ud6oKI8$_$9,text/audio/scene/face-events,6.90875283446712,True,6.940266666666667,22x768,345x17,36x512,36x52,0,22,0,0,no_informative_support,native sequences; physical AV cells; selective word candidates,data/features/-mJ2ud6oKI8$_$9.npz,data/temporal_index/-mJ2ud6oKI8$_$9.npz
-mqbVkbCndg$_$0,text/audio/scene/face-events,6.3854875283446715,True,6.466666666666651,14x768,319x17,34x512,34x52,14,0,14,0,supported,native sequences; physical AV cells; selective word candidates,data/features/-mqbVkbCndg$_$0.npz,data/temporal_index/-mqbVkbCndg$_$0.npz
-qDkUB0GgYY$_$6,text/audio/scene/face-events,4.614648526077097,True,4.666666666666657,16x768,230x17,24x512,24x52,9,7,9,0,supported,native sequences; physical AV cells; selective word candidates,data/features/-qDkUB0GgYY$_$6.npz,data/temporal_index/-qDkUB0GgYY$_$6.npz
-ri04Z7vwnc$_$0,text/audio/scene/face-events,2.763265306122449,True,2.793900000000002,8x768,137x17,15x512,0x52,0,8,0,0,no_informative_support,native sequences; physical AV cells; selective word candidates,data/features/-ri04Z7vwnc$_$0.npz,data/temporal_index/-ri04Z7vwnc$_$0.npz
-ri04Z7vwnc$_$2,text/audio/scene/face-events,5.913378684807256,True,5.963099999999986,16x768,295x17,31x512,12x52,0,16,0,0,no_informative_support,native sequences; physical AV cells; selective word candidates,data/features/-ri04Z7vwnc$_$2.npz,data/temporal_index/-ri04Z7vwnc$_$2.npz
-ri04Z7vwnc$_$5,text/audio/scene/face-events,3.4397278911564624,True,3.4611000000000027,8x768,171x17,18x512,18x52,0,8,0,0,no_informative_support,native sequences; physical AV cells; selective word candidates,data/features/-ri04Z7vwnc$_$5.npz,data/temporal_index/-ri04Z7vwnc$_$5.npz
-s9qJ7ATP7w$_$0,text/audio/scene/face-events,6.710566893424036,True,6.799999999999983,24x768,335x17,35x512,35x52,16,8,16,0,supported,native sequences; physical AV cells; selective word candidates,data/features/-s9qJ7ATP7w$_$0.npz,data/temporal_index/-s9qJ7ATP7w$_$0.npz
-s9qJ7ATP7w$_$1,text/audio/scene/face-events,4.643832199546485,True,4.666666666666657,11x768,231x17,24x512,24x52,10,1,10,0,supported,native sequences; physical AV cells; selective word candidates,data/features/-s9qJ7ATP7w$_$1.npz,data/temporal_index/-s9qJ7ATP7w$_$1.npz
-s9qJ7ATP7w$_$4,text/audio/scene/face-events,4.246893424036281,True,4.299999999999992,9x768,212x17,23x512,16x52,7,2,7,0,supported,native sequences; physical AV cells; selective word candidates,data/features/-s9qJ7ATP7w$_$4.npz,data/temporal_index/-s9qJ7ATP7w$_$4.npz
-s9qJ7ATP7w$_$5,text/audio/scene/face-events,8.397845804988663,True,8.43333333333331,19x768,419x17,43x512,43x52,19,0,19,0,supported,native sequences; physical AV cells; selective word candidates,data/features/-s9qJ7ATP7w$_$5.npz,data/temporal_index/-s9qJ7ATP7w$_$5.npz
-s9qJ7ATP7w$_$6,text/audio/scene/face-events,2.3148072562358277,True,2.3666666666666654,5x768,115x17,13x512,10x52,5,0,5,0,supported,native sequences; physical AV cells; selective word candidates,data/features/-s9qJ7ATP7w$_$6.npz,data/temporal_index/-s9qJ7ATP7w$_$6.npz
-s9qJ7ATP7w$_$7,text/audio/scene/face-events,6.838548752834467,True,6.899999999999983,28x768,341x17,36x512,23x52,19,9,19,0,supported,native sequences; physical AV cells; selective word candidates,data/features/-s9qJ7ATP7w$_$7.npz,data/temporal_index/-s9qJ7ATP7w$_$7.npz
-s9qJ7ATP7w$_$8,text/audio/scene/face-events,3.1842176870748298,True,3.233333333333329,12x768,158x17,17x512,17x52,9,3,9,0,supported,native sequences; physical AV cells; selective word candidates,data/features/-s9qJ7ATP7w$_$8.npz,data/temporal_index/-s9qJ7ATP7w$_$8.npz
-t217m2on-s$_$2,text/audio/scene/face-events,5.630181405895692,True,5.666666666666654,12x768,281x17,29x512,29x52,11,1,11,0,supported,native sequences; physical AV cells; selective word candidates,data/features/-t217m2on-s$_$2.npz,data/temporal_index/-t217m2on-s$_$2.npz
-t217m2on-s$_$7,text/audio/scene/face-events,17.026349206349206,True,17.06666666666662,45x768,851x17,87x512,87x52,43,2,43,0,supported,native sequences; physical AV cells; selective word candidates,data/features/-t217m2on-s$_$7.npz,data/temporal_index/-t217m2on-s$_$7.npz
-tANM6ETl_M$_$3,text/audio/scene/face-events,6.603605442176871,True,6.66666666666665,22x768,329x17,35x512,35x52,20,2,20,0,supported,native sequences; physical AV cells; selective word candidates,data/features/-tANM6ETl_M$_$3.npz,data/temporal_index/-tANM6ETl_M$_$3.npz
-tPCytz4rww$_$10,text/audio/scene/face-events,4.6787981859410435,True,4.733333333333324,12x768,233x17,25x512,25x52,10,2,10,0,supported,native sequences; physical AV cells; selective word candidates,data/features/-tPCytz4rww$_$10.npz,data/temporal_index/-tPCytz4rww$_$10.npz
-tPCytz4rww$_$11,text/audio/scene/face-events,5.378571428571429,True,5.466666666666654,17x768,268x17,29x512,29x52,15,2,15,0,supported,native sequences; physical AV cells; selective word candidates,data/features/-tPCytz4rww$_$11.npz,data/temporal_index/-tPCytz4rww$_$11.npz
-tPCytz4rww$_$12,text/audio/scene/face-events,11.736190476190476,True,11.766666666666632,26x768,586x17,60x512,60x52,20,6,20,0,supported,native sequences; physical AV cells; selective word candidates,data/features/-tPCytz4rww$_$12.npz,data/temporal_index/-tPCytz4rww$_$12.npz
-tPCytz4rww$_$16,text/audio/scene/face-events,7.139160997732426,True,7.1999999999999815,16x768,356x17,37x512,37x52,13,3,13,0,supported,native sequences; physical AV cells; selective word candidates,data/features/-tPCytz4rww$_$16.npz,data/temporal_index/-tPCytz4rww$_$16.npz
-tPCytz4rww$_$18,text/audio/scene/face-events,6.568798185941043,True,6.633333333333317,16x768,328x17,34x512,34x52,16,0,16,0,supported,native sequences; physical AV cells; selective word candidates,data/features/-tPCytz4rww$_$18.npz,data/temporal_index/-tPCytz4rww$_$18.npz
-uywlfIYOS8$_$4,text/audio/scene/face-events,5.881088435374149,True,5.966666666666653,18x768,293x17,31x512,31x52,16,2,16,0,supported,native sequences; physical AV cells; selective word candidates,data/features/-uywlfIYOS8$_$4.npz,data/temporal_index/-uywlfIYOS8$_$4.npz
-vxjVxOeScU$_$4,text/audio/scene/face-events,9.037052154195012,True,9.066666666666642,21x768,451x17,47x512,47x52,17,4,17,0,supported,native sequences; physical AV cells; selective word candidates,data/features/-vxjVxOeScU$_$4.npz,data/temporal_index/-vxjVxOeScU$_$4.npz
-wMB_hJL-3o$_$7,text/audio/scene/face-events,5.975578231292517,True,6.033333333333319,22x768,298x17,31x512,30x52,22,0,22,0,supported,native sequences; physical AV cells; selective word candidates,data/features/-wMB_hJL-3o$_$7.npz,data/temporal_index/-wMB_hJL-3o$_$7.npz
-wny0OAz3g8$_$0,text/audio/scene/face-events,3.274013605442177,True,3.3333333333333286,9x768,163x17,18x512,18x52,9,0,9,0,supported,native sequences; physical AV cells; selective word candidates,data/features/-wny0OAz3g8$_$0.npz,data/temporal_index/-wny0OAz3g8$_$0.npz
-wny0OAz3g8$_$1,text/audio/scene/face-events,6.7765532879818595,True,6.833333333333316,22x768,338x17,35x512,35x52,22,0,22,0,supported,native sequences; physical AV cells; selective word candidates,data/features/-wny0OAz3g8$_$1.npz,data/temporal_index/-wny0OAz3g8$_$1.npz
-wny0OAz3g8$_$2,text/audio/scene/face-events,6.522698412698412,True,6.56666666666665,23x768,325x17,34x512,34x52,23,0,23,0,supported,native sequences; physical AV cells; selective word candidates,data/features/-wny0OAz3g8$_$2.npz,data/temporal_index/-wny0OAz3g8$_$2.npz
-wny0OAz3g8$_$3,text/audio/scene/face-events,6.099863945578231,True,6.133333333333319,20x768,304x17,32x512,32x52,19,1,19,0,supported,native sequences; physical AV cells; selective word candidates,data/features/-wny0OAz3g8$_$3.npz,data/temporal_index/-wny0OAz3g8$_$3.npz
-wny0OAz3g8$_$5,text/audio/scene/face-events,6.74140589569161,True,6.799999999999983,20x768,336x17,35x512,35x52,18,2,18,0,supported,native sequences; physical AV cells; selective word candidates,data/features/-wny0OAz3g8$_$5.npz,data/temporal_index/-wny0OAz3g8$_$5.npz
-wny0OAz3g8$_$7,text/audio/scene/face-events,7.910498866213152,True,7.999999999999979,29x768,395x17,41x512,41x52,25,4,25,0,supported,native sequences; physical AV cells; selective word candidates,data/features/-wny0OAz3g8$_$7.npz,data/temporal_index/-wny0OAz3g8$_$7.npz
-wny0OAz3g8$_$9,text/audio/scene/face-events,6.043492063492064,True,6.099999999999985,20x768,301x17,32x512,32x52,17,3,17,0,supported,native sequences; physical AV cells; selective word candidates,data/features/-wny0OAz3g8$_$9.npz,data/temporal_index/-wny0OAz3g8$_$9.npz
-yRb-Jum7EQ$_$1,text/audio/scene/face-events,29.109750566893425,True,29.166666666666618,49x768,1455x17,147x512,167x52,0,49,0,0,insufficient_evidence,native sequences; physical AV cells; selective word candidates,data/features/-yRb-Jum7EQ$_$1.npz,data/temporal_index/-yRb-Jum7EQ$_$1.npz
-yRb-Jum7EQ$_$5,text/audio/scene/face-events,13.04453514739229,True,13.133333333333294,25x768,651x17,67x512,67x52,0,25,0,0,no_informative_support,native sequences; physical AV cells; selective word candidates,data/features/-yRb-Jum7EQ$_$5.npz,data/temporal_index/-yRb-Jum7EQ$_$5.npz
-yRb-Jum7EQ$_$6,text/audio/scene/face-events,11.242539682539682,True,11.199999999999967,19x768,561x17,57x512,57x52,0,19,0,0,no_informative_support,native sequences; physical AV cells; selective word candidates,data/features/-yRb-Jum7EQ$_$6.npz,data/temporal_index/-yRb-Jum7EQ$_$6.npz
