scenario,span_accuracy,span_macro_f1,span_mae,span_pearson,none_accuracy,none_macro_f1,none_mae,none_pearson,mixed_joint_accuracy,mixed_joint_macro_f1,mixed_joint_mae,mixed_joint_pearson,none_minus_span_accuracy,none_minus_span_macro_f1,none_minus_span_mae,none_minus_span_pearson
clean,0.6516319764761335,0.6281648504585879,0.6042123185657194,0.7069581114504055,0.6569652694630422,0.6345582622413116,0.6101330162714512,0.7031935453056805,0.6529496757499312,0.6265800529792899,0.6056680022915971,0.705531670230708,0.005333292986908766,0.006393411782723679,0.005920697705731781,-0.00376456614472509
text_10_random,0.6381596727352196,0.615416850744308,0.6189637773853858,0.6834405540466456,0.636224408543317,0.6145412835592944,0.6219264308442866,0.6794137211980166,0.6408782901667945,0.6148414227027764,0.619139029097314,0.6824236957594922,-0.001935264191902597,-0.0008755671850135816,0.002962653458900788,-0.004026832848629036
text_30_random,0.594008463910673,0.5787658813870492,0.6559862153905441,0.6296924310649407,0.5882799247712215,0.5733860944509132,0.6613634811568354,0.6230209470888294,0.5973564731059525,0.5786014226307794,0.6560764813006014,0.6287251810920169,-0.005728539139451483,-0.005379786936136055,0.005377265766291273,-0.006671483976111281
text_50_random,0.5432955255982508,0.5351186237653635,0.705733460629661,0.5437438116672605,0.5351179995586602,0.5280382024924002,0.7116729570375538,0.5325377222373305,0.5477778975427675,0.5372039153726792,0.7052170429571966,0.5416692118524319,-0.008177526039590544,-0.0070804212729632665,0.005939496407892819,-0.011206089429929955
audio_10_random,0.6513825851397717,0.6275920082147018,0.6044796355497323,0.7067857114789428,0.6558054131167543,0.633116552482034,0.6102750269887678,0.703043455612607,0.6538918226697171,0.6275888560383217,0.6058781530690899,0.7052794953302729,0.0044228279769826795,0.0055245442673321765,0.005795391439035513,-0.0037422558663358085
audio_30_random,0.651660322330995,0.6282819343660769,0.6037987437156258,0.7080845492557648,0.6543655955425774,0.6319687260006152,0.6104162279554334,0.7042684683165441,0.6553610981170884,0.6295187129548333,0.6047927535116278,0.7067564106263992,0.0027052732115824263,0.0036867916345382223,0.0066174842398075695,-0.0038160809392207007
audio_50_random,0.6511104080402118,0.6278485492612643,0.6045949537408636,0.7084116062120676,0.6531195896133718,0.6301017675181609,0.610654002811729,0.7043920840556289,0.6538406910516575,0.6274057732896932,0.6048617086792771,0.7071927239181252,0.0020091815731599905,0.0022532182568966164,0.006059049070865408,-0.004019522156438637
vision_10_random,0.6518791437758299,0.6282336418904744,0.604041424297098,0.7069543278090228,0.6558598807898122,0.6327881779585568,0.6099375439287383,0.7032664906043496,0.6535596178054359,0.6267528241256627,0.6054912603361703,0.7055560601461727,0.003980737013982272,0.0045545360680824265,0.005896119631640384,-0.003687837204673139
vision_30_random,0.6519619573037493,0.6277950669901377,0.6043669603091848,0.7065014430043278,0.6570764288458234,0.6335837762562463,0.610213564920163,0.7027568682141797,0.6547250342433876,0.6281709901486955,0.6057254529032098,0.7051802508179491,0.005114471542074117,0.005788709266108638,0.00584660461097819,-0.003744574790148114
vision_50_random,0.6496094506829807,0.6250253571320326,0.6047884615825918,0.7059674405549603,0.6573519420003814,0.634151095442493,0.6107250546367519,0.7023957037443317,0.6536163095151591,0.6261399631283804,0.606055888749188,0.7050371985920205,0.007742491317400679,0.009125738310460485,0.005936593054160055,-0.003571736810628612
joint_10_random_270927,0.6366029744208687,0.6152708032500588,0.6223061681163323,0.6753260337945365,0.6326668581806788,0.6124895993890017,0.6270824033624944,0.6701361141042211,0.636300388695511,0.6126279254503162,0.6226927436557584,0.675040600930029,-0.0039361162401898575,-0.002781203861057069,0.004776235246162108,-0.005189919690315348
joint_10_random_270928,0.633224556599791,0.6118762954893628,0.6257721074352727,0.6752039425107474,0.62694705392216,0.6065485470216584,0.6306687753158461,0.6690574133923642,0.632207541546144,0.6080070517428839,0.6253708112517008,0.6764778041432488,-0.006277502677631053,-0.005327748467704452,0.004896667880573413,-0.006146529118383204
joint_10_random_270929,0.6331463524109319,0.6102797670140698,0.6159795216040594,0.6808544433540843,0.6302463168017747,0.6089759117708671,0.6211276176251015,0.6770549330791812,0.6339851240762658,0.6084417811916437,0.6163026417563967,0.6826404351907881,-0.002900035609157192,-0.0013038552432027561,0.005148096021042048,-0.0037995102749031062
joint_10_scattered_270927,0.6324851174716383,0.6113061012086652,0.6186990004596906,0.6789611803902114,0.626088671282897,0.6056008723827356,0.6240260553927249,0.6739978058608127,0.6343182796931508,0.6106138258381809,0.6226292990651121,0.6767918321935907,-0.006396446188741245,-0.005705228825929609,0.005327054933034314,-0.004963374529398656
joint_10_scattered_270928,0.6339206482382135,0.6134441549983293,0.621551975276009,0.6734733706889838,0.6359103801031737,0.6175662649341249,0.6239584930222494,0.671017471151381,0.6376334949602378,0.6129398307337345,0.6222324156236619,0.6751617691593504,0.001989731864960209,0.004122109935795648,0.002406517746240344,-0.0024558995376028347
joint_10_scattered_270929,0.6341757609319681,0.6126585033899697,0.6175863645777286,0.6811444987166514,0.6349785638798408,0.6141861719157372,0.6221251495783252,0.6775610604612661,0.6417863698743261,0.6172601217388355,0.6169564820786574,0.6835420463241899,0.0008028029478726051,0.0015276685257674671,0.004538785000596568,-0.0035834382553853183
joint_10_short_270927,0.6269581741054874,0.6066471508667944,0.6221726216896983,0.6763425577798875,0.6289436191628458,0.6093784426773682,0.6255084800530839,0.6730206290585014,0.6299728664181529,0.6055499259043833,0.6245017924995782,0.6748570195076039,0.001985445057358426,0.002731291810573744,0.0033358583633855687,-0.003321928721386147
joint_10_short_270928,0.6284250642504641,0.6075434908207163,0.6231661455143266,0.6772743955746985,0.6263971396313767,0.6069380889068993,0.6298495473496843,0.6697053705911683,0.6331778730550625,0.6105375594625162,0.6244528830298082,0.6754240300717935,-0.0020279246190874067,-0.000605401913817083,0.006683401835357761,-0.0075690249835301815
joint_10_short_270929,0.6250071803911975,0.6042503909355079,0.6300097838466859,0.6700597194805055,0.6212420900327809,0.6004983205930124,0.6348769716547248,0.6661166627260505,0.6288006166044757,0.6062691856053459,0.6287951137314914,0.6708947497419394,-0.003765090358416656,-0.0037520703424954727,0.004867187808038853,-0.003943056754454943
joint_20_random_270927,0.617485573289568,0.5984759242089076,0.6437457961767796,0.6492486079511085,0.6131368239595719,0.5951471612412353,0.6489820559895524,0.6429236347545774,0.6227428861242829,0.602201505364727,0.6452424723469873,0.6493182069807809,-0.004348749329996071,-0.0033287629676722608,0.005236259812772759,-0.006324973196531136
joint_20_random_270928,0.6134484670973207,0.5943465464499988,0.6320137492061418,0.6559462092133904,0.6143535332813123,0.5956209404084477,0.6369932434773357,0.6501007123173862,0.6257031107638907,0.6032288317342824,0.6331362677036421,0.6571985128476602,0.0009050661839915541,0.0012743939584488606,0.004979494271193818,-0.005845496896004221
joint_20_random_270929,0.6163171433280764,0.595847256013057,0.6330682743291625,0.6623673402045495,0.6107016650766132,0.5922900124580028,0.6407853962229665,0.6562910316946516,0.6205526705043549,0.5995688443532686,0.6361975660710016,0.6630180254168839,-0.005615478251463246,-0.003557243555054157,0.007717121893804024,-0.006076308509897821
joint_20_scattered_270927,0.61883733977562,0.6016489607757828,0.6306788779504686,0.6642316438801409,0.616838711763998,0.6000981393288306,0.6355419046158564,0.6587860955562673,0.6248426653536914,0.6038011229311208,0.6333208035190898,0.6612907492681986,-0.0019986280116220945,-0.0015508214469521775,0.004863026665387737,-0.005445548323873561
joint_20_scattered_270928,0.6114496778199694,0.5939072480944518,0.6313184968376916,0.6623228085061738,0.6039774620969215,0.5863845446671604,0.6401409288077486,0.6532202595155224,0.6170501544365639,0.5943118488323139,0.6346679925068971,0.6623963340859733,-0.007472215723047904,-0.007522703427291444,0.008822431970057054,-0.009102548990651327
joint_20_scattered_270929,0.6142903307273219,0.5966039503559963,0.6398906472237315,0.6445294527736586,0.6150647878203327,0.5985259096154346,0.6449195593927515,0.6411078300986001,0.6240914778210661,0.6028692485809896,0.6389295421644703,0.6498266048383506,0.0007744570930108274,0.0019219592594382773,0.005028912169020017,-0.003421622675058522
joint_20_short_270927,0.6127923868936306,0.5962751918724399,0.638513457742112,0.6559766008623059,0.6120453249028778,0.5948265505169591,0.6435664562964604,0.6498191270583745,0.6177590236731896,0.5954319619739846,0.6384253304849433,0.6565602973757653,-0.0007470619907528064,-0.0014486413554808397,0.005052998554348376,-0.00615747380393139
joint_20_short_270928,0.6123082217249616,0.5941416704550416,0.639858043730893,0.6493056328060379,0.6090863735473319,0.5918245093577231,0.6473412290191772,0.6388537464616616,0.6222974591062843,0.6000156453177868,0.6398431555975174,0.6478002216169871,-0.003221848177629716,-0.0023171610973184986,0.007483185288284289,-0.010451886344376327
joint_20_short_270929,0.6186039008267307,0.6022132329921169,0.6285517213003936,0.666466101105104,0.6128468545666884,0.5964127194217902,0.6355136044094438,0.6592339535420181,0.6228518214703984,0.6011543887342303,0.6295216248433637,0.6693778619058649,-0.005757046260042253,-0.005800513570326737,0.006961883109050215,-0.007232147563085878
joint_30_random_270927,0.5967259693239154,0.5800641161160827,0.6586926030317161,0.6268542435897527,0.5929043485215046,0.5765036468528396,0.6663849416225031,0.6176836528644674,0.5939673404576079,0.5740470437428963,0.6608474759835942,0.6259643899418769,-0.0038216208024107745,-0.003560469263243049,0.007692338590786996,-0.009170590725285366
joint_30_random_270928,0.5986973634990086,0.584066278951305,0.6479833375085685,0.6366358687107588,0.5957033941786046,0.5818396714755992,0.6562057878124247,0.6289167007563895,0.6035961883855169,0.5865916108970585,0.6496112010507532,0.635515173508605,-0.0029939693204039663,-0.0022266074757057996,0.008222450303856155,-0.0077191679543693326
joint_30_random_270929,0.5995014397309429,0.5825988626015378,0.6595316657559291,0.6294870398801035,0.5944312664312028,0.5783630937483469,0.6669941016690206,0.6211471493021148,0.6035896775412497,0.5843477667218314,0.6578827711863867,0.6327382077292404,-0.005070173299740133,-0.00423576885319088,0.007462435913091481,-0.008339890577988673
joint_30_scattered_270927,0.587484744685949,0.5726452025145609,0.65428476962993,0.6263162892913451,0.5918160242540796,0.57743246314925,0.6571197613230924,0.6254160272786896,0.6096765433631784,0.5912283280680214,0.6530421336859707,0.6331237350424942,0.004331279568130619,0.00478726063468915,0.0028349916931623698,-0.0009002620126554728
joint_30_scattered_270928,0.5967780516945785,0.5823149493618113,0.6562388618843441,0.614890619601868,0.587840847331761,0.5723438423042612,0.6619499989307039,0.6082523375195921,0.6004397667985432,0.5791650566308649,0.6609709253569824,0.6147992240512289,-0.00893720436281753,-0.00997110705755011,0.005711137046359838,-0.006638282082275904
joint_30_scattered_270929,0.6013766761581238,0.5872570675191665,0.6449623108665214,0.6346007109292109,0.6069484015637964,0.5922325376179635,0.6515921143936443,0.6294891333920648,0.6210331154872115,0.60249765896629,0.6431174272726711,0.6430834896579106,0.005571725405672523,0.0049754700987969525,0.006629803527122835,-0.005111577537146084
joint_30_short_270927,0.5951649842019627,0.5783564377802141,0.6639208657426269,0.6089367669506195,0.5952468469772786,0.5775151436179573,0.6673291733942981,0.603461126872893,0.6036986128873653,0.5798840258616814,0.663752582538032,0.6142241308261244,8.186277531585517e-05,-0.000841294162256756,0.0034083076516712163,-0.005475640077726496
joint_30_short_270928,0.5945902213770452,0.5795686206573247,0.6538282038791328,0.6263310800678353,0.5928672677857104,0.578670929020734,0.6613445351841386,0.6165240183846111,0.606418181071544,0.5869930171015915,0.6562287840551829,0.624410942391792,-0.001722953591334786,-0.0008976916365907028,0.007516331305005841,-0.009807061683224205
joint_30_short_270929,0.5949800687036533,0.5773997469437641,0.6449314046465585,0.6367513286606236,0.58899752888878,0.5716562751841915,0.6535469778225927,0.6302591595578959,0.6082639596255305,0.5842262710123168,0.6509793666615074,0.6347051602929855,-0.005982539814873289,-0.0057434717595725715,0.00861557317603423,-0.006492169102727652
joint_50_random_270927,0.5429759370664436,0.5342985471655216,0.6962622057206307,0.5596339289787465,0.53197896490895,0.5238505031736856,0.7052549325699493,0.5444431596883349,0.5483803780014014,0.536016489933552,0.6939615425501365,0.5587310250325331,-0.010996972157493623,-0.010448043991835965,0.008992726849318622,-0.015190769290411632
joint_50_random_270928,0.535350710620031,0.5286453484697717,0.7071506238891393,0.5439636743470779,0.5256631082114626,0.5178414269673949,0.713739859358622,0.5337582543573703,0.5453490054137448,0.5340557090006146,0.6997703457400033,0.5519097449087292,-0.009687602408568474,-0.010803921502376856,0.006589235469482757,-0.010205419989707587
joint_50_random_270929,0.5668301946148706,0.55725045006294,0.6944659176091926,0.5553118481810094,0.5597593305325721,0.550776937289061,0.6973070973839607,0.5470216595372933,0.5707922714075275,0.5587509419390554,0.6886642398214669,0.5611272712763086,-0.007070864082298511,-0.0064735127738790865,0.0028411797747680545,-0.008290188643716112
joint_50_scattered_270927,0.5330111428631951,0.5255855035352021,0.7118753217051932,0.5212549191701944,0.5335023026733187,0.522719808479621,0.7196047401264093,0.5068321515025442,0.5606946440766326,0.5442695672291097,0.7078494308982015,0.5306330240059453,0.0004911598101235981,-0.0028656950555810967,0.0077294184212161055,-0.01442276766765016
joint_50_scattered_270928,0.5338147352979418,0.5291321350351249,0.7027579715725097,0.5462126422962256,0.5262812185261105,0.5198472916383943,0.7041208159163815,0.5385396038887408,0.5569031093685614,0.5437268345979659,0.6989084589653957,0.5538427458267283,-0.007533516771831228,-0.009284843396730635,0.001362844343871794,-0.007673038407484789
joint_50_scattered_270929,0.5231317915805915,0.515075468765393,0.7085999578774768,0.5263711039911713,0.5204972609609977,0.5120604524773015,0.7157575910652975,0.5115026790639933,0.5536946054109245,0.539266087173313,0.7066199190920527,0.5350565776621145,-0.0026345306195938445,-0.003015016288091532,0.0071576331878207,-0.014868424927177992
joint_50_short_270927,0.5419846384749324,0.5314617661299827,0.7034055113876602,0.5395046723209496,0.5357060237789685,0.5222713221107885,0.7099508161937561,0.5284592694833509,0.5610910022475079,0.543017421522617,0.6942833307914498,0.5562417084349004,-0.006278614695963913,-0.009190444019194222,0.006545304806095942,-0.011045402837598695
joint_50_short_270928,0.5300053466971913,0.5238785087086525,0.7079283372696062,0.533996382612736,0.5268938684154683,0.517312989485812,0.7132517518394269,0.5223506798385833,0.5559077680597796,0.541130947283471,0.6999249312290722,0.5482338465876629,-0.00311147828172309,-0.0065655192228405435,0.005323414569820661,-0.011645702774152666
joint_50_short_270929,0.534662564375667,0.5243973122819835,0.7101153970485585,0.5337510096121202,0.5384657646636087,0.5266702538056601,0.7200200533701616,0.5164277188801308,0.5662099218629129,0.549061867122343,0.7078096359552521,0.5390864663019498,0.003803200287941788,0.0022729415236766304,0.00990465632160309,-0.01732329073198935
