epoch,train_loss,valid_raw_mae,any_winner_improved,seconds,peak_gpu_bytes,best_macro_f1,best_accuracy,best_mae
1,1.1661499323304167,0.6067752838134766,True,10.57515371683985,2902120960,0.6182283933844196,0.6373626373626373,0.5740907583078676
2,0.8674868485186693,0.5621727108955383,True,9.703657815000042,2902120960,0.6197071245208579,0.6565934065934066,0.5508450137676446
3,0.6954249174500073,0.5800997614860535,False,8.037850003922358,2902120960,0.6197071245208579,0.6565934065934066,0.5508450137676446
4,0.5591776611352002,0.564617395401001,False,8.038013688987121,2902120960,0.6197071245208579,0.6565934065934066,0.5508450137676446
5,0.47329171709880913,0.5500128865242004,True,10.015128130093217,2902120960,0.6322642061414013,0.6565934065934066,0.539540159734795
6,0.3930660630975451,0.5783559679985046,False,8.12781616509892,2902120960,0.6322642061414013,0.6565934065934066,0.539540159734795
7,0.35913744790915714,0.5839259624481201,False,8.53672628197819,2902120960,0.6322642061414013,0.6565934065934066,0.539540159734795
8,0.33328818528746995,0.5889277458190918,False,8.295626418897882,2902120960,0.6322642061414013,0.6565934065934066,0.539540159734795
9,0.30876243094281347,0.5796384811401367,False,8.086871488019824,2902120960,0.6322642061414013,0.6565934065934066,0.539540159734795
